Goal,Strategic Vision,Alignment Actions,Potential Risks
Improve Product Quality,Focus on Innovation,Improve Customer Support,Market Saturation
Expand Market Share,Ensure Sustainability,Develop New Products,Rising Costs
Improve Product Quality,Be a Market Leader,Expand Marketing,Market Saturation
Improve Product Quality,Ensure Sustainability,Invest in R&D,Regulatory Hurdles
Improve Product Quality,Focus on Innovation,Develop New Products,Rising Costs
Enhance Customer Experience,Be a Market Leader,Expand Marketing,Market Saturation
Enhance Customer Experience,Be a Market Leader,Develop New Products,Regulatory Hurdles
Increase Revenue,Offer Premium Products,Expand Marketing,Market Saturation
Enhance Customer Experience,Be a Market Leader,Improve Customer Support,Regulatory Hurdles
Enhance Customer Experience,Focus on Innovation,Develop New Products,Regulatory Hurdles
Expand Market Share,Focus on Innovation,Expand Marketing,Regulatory Hurdles
Enhance Customer Experience,Focus on Innovation,Develop New Products,Market Saturation
Improve Product Quality,Be a Market Leader,Improve Customer Support,Competitor Actions
Increase Revenue,Offer Premium Products,Expand Marketing,Rising Costs
Enhance Customer Experience,Focus on Innovation,Invest in R&D,Market Saturation
Increase Revenue,Ensure Sustainability,Develop New Products,Rising Costs
Enhance Customer Experience,Focus on Innovation,Improve Customer Support,Market Saturation
Expand Market Share,Offer Premium Products,Invest in R&D,Regulatory Hurdles
Expand Market Share,Be a Market Leader,Invest in R&D,Rising Costs
Expand Market Share,Focus on Innovation,Improve Customer Support,Market Saturation
Expand Market Share,Be a Market Leader,Improve Customer Support,Market Saturation
Expand Market Share,Ensure Sustainability,Improve Customer Support,Regulatory Hurdles
Increase Revenue,Offer Premium Products,Develop New Products,Market Saturation
Enhance Customer Experience,Offer Premium Products,Improve Customer Support,Regulatory Hurdles
Increase Revenue,Offer Premium Products,Improve Customer Support,Competitor Actions
Enhance Customer Experience,Focus on Innovation,Develop New Products,Rising Costs
Increase Revenue,Be a Market Leader,Improve Customer Support,Competitor Actions
Improve Product Quality,Ensure Sustainability,Expand Marketing,Regulatory Hurdles
Improve Product Quality,Be a Market Leader,Invest in R&D,Market Saturation
Increase Revenue,Ensure Sustainability,Expand Marketing,Competitor Actions
Increase Revenue,Ensure Sustainability,Invest in R&D,Regulatory Hurdles
Expand Market Share,Ensure Sustainability,Expand Marketing,Rising Costs
Expand Market Share,Be a Market Leader,Invest in R&D,Market Saturation
Expand Market Share,Ensure Sustainability,Develop New Products,Competitor Actions
Expand Market Share,Offer Premium Products,Expand Marketing,Rising Costs
Increase Revenue,Offer Premium Products,Expand Marketing,Regulatory Hurdles
Expand Market Share,Focus on Innovation,Invest in R&D,Competitor Actions
Improve Product Quality,Be a Market Leader,Improve Customer Support,Competitor Actions
Improve Product Quality,Ensure Sustainability,Invest in R&D,Rising Costs
Increase Revenue,Offer Premium Products,Expand Marketing,Competitor Actions
Expand Market Share,Focus on Innovation,Invest in R&D,Market Saturation
Expand Market Share,Ensure Sustainability,Improve Customer Support,Regulatory Hurdles
Enhance Customer Experience,Offer Premium Products,Invest in R&D,Competitor Actions
Enhance Customer Experience,Ensure Sustainability,Expand Marketing,Regulatory Hurdles
Enhance Customer Experience,Ensure Sustainability,Expand Marketing,Competitor Actions
Expand Market Share,Be a Market Leader,Develop New Products,Rising Costs
Improve Product Quality,Be a Market Leader,Expand Marketing,Rising Costs
Improve Product Quality,Be a Market Leader,Expand Marketing,Market Saturation
Enhance Customer Experience,Be a Market Leader,Develop New Products,Regulatory Hurdles
Improve Product Quality,Focus on Innovation,Improve Customer Support,Rising Costs
