Current Functionality,Gap Description,Recommended Improvement
Manual data entry,Slow processing time,Faster data processing
Manual data entry,Slow processing time,Automated reporting
Basic reporting,Slow processing time,Automated reporting
Basic reporting,Limited reporting features,Faster data processing
Basic reporting,No real-time updates,Automated reporting
Batch processing,No real-time updates,Advanced analytics capabilities
Manual data entry,Slow processing time,Faster data processing
Manual data entry,No real-time updates,Faster data processing
Batch processing,Slow processing time,Automated reporting
Batch processing,No real-time updates,Automated reporting
Batch processing,Slow processing time,Automated reporting
Basic reporting,Limited reporting features,Faster data processing
Basic reporting,Limited reporting features,Faster data processing
Basic reporting,Limited reporting features,Advanced analytics capabilities
Batch processing,Slow processing time,Automated reporting
Manual data entry,Limited reporting features,Automated reporting
Basic reporting,No real-time updates,Advanced analytics capabilities
Batch processing,Slow processing time,Automated reporting
Basic reporting,No real-time updates,Advanced analytics capabilities
Manual data entry,Limited reporting features,Advanced analytics capabilities
Manual data entry,Limited reporting features,Faster data processing
Batch processing,No real-time updates,Advanced analytics capabilities
Batch processing,Limited reporting features,Automated reporting
Manual data entry,Limited reporting features,Automated reporting
Manual data entry,Slow processing time,Automated reporting
Batch processing,No real-time updates,Advanced analytics capabilities
Manual data entry,Slow processing time,Advanced analytics capabilities
Batch processing,Limited reporting features,Faster data processing
Batch processing,Limited reporting features,Automated reporting
Manual data entry,No real-time updates,Advanced analytics capabilities
Batch processing,Slow processing time,Advanced analytics capabilities
Basic reporting,No real-time updates,Automated reporting
Batch processing,Slow processing time,Faster data processing
Batch processing,Slow processing time,Faster data processing
Manual data entry,No real-time updates,Automated reporting
Manual data entry,No real-time updates,Automated reporting
Batch processing,Limited reporting features,Faster data processing
Manual data entry,No real-time updates,Automated reporting
Basic reporting,Slow processing time,Advanced analytics capabilities
Basic reporting,No real-time updates,Advanced analytics capabilities
Basic reporting,Limited reporting features,Automated reporting
Manual data entry,No real-time updates,Automated reporting
Basic reporting,Limited reporting features,Automated reporting
Manual data entry,Slow processing time,Advanced analytics capabilities
Basic reporting,No real-time updates,Faster data processing
Batch processing,No real-time updates,Advanced analytics capabilities
Basic reporting,Slow processing time,Faster data processing
Batch processing,No real-time updates,Automated reporting
Batch processing,Limited reporting features,Faster data processing
Basic reporting,No real-time updates,Faster data processing
