Assessment Criteria,Current Status,Recommendations
Data Readiness,Fully implemented,Build internal AI talent
Infrastructure Strength,On hold,Conduct AI training workshops
Team Skills,Not started,Build internal AI talent
Team Skills,Fully implemented,Adopt cloud-based AI solutions
Team Skills,Limited implementation,Invest in data collection infrastructure
Team Skills,Not started,Conduct AI training workshops
AI Adoption,On hold,Conduct AI training workshops
AI Adoption,Not started,Build internal AI talent
Team Skills,Limited implementation,Invest in data collection infrastructure
Data Readiness,On hold,Build internal AI talent
AI Adoption,Fully implemented,Invest in data collection infrastructure
Team Skills,On hold,Enhance collaboration with external AI partners
Infrastructure Strength,Fully implemented,Build internal AI talent
Infrastructure Strength,Limited implementation,Conduct AI training workshops
Team Skills,In progress,Enhance collaboration with external AI partners
Data Readiness,Not started,Invest in data collection infrastructure
Infrastructure Strength,Fully implemented,Conduct AI training workshops
Process Integration,On hold,Conduct AI training workshops
Team Skills,Not started,Conduct AI training workshops
Team Skills,Fully implemented,Enhance collaboration with external AI partners
Infrastructure Strength,In progress,Adopt cloud-based AI solutions
Process Integration,Fully implemented,Build internal AI talent
Infrastructure Strength,Fully implemented,Build internal AI talent
Infrastructure Strength,Fully implemented,Invest in data collection infrastructure
Team Skills,On hold,Conduct AI training workshops
AI Adoption,Not started,Invest in data collection infrastructure
Data Readiness,Fully implemented,Build internal AI talent
AI Adoption,In progress,Build internal AI talent
Process Integration,On hold,Build internal AI talent
AI Adoption,In progress,Build internal AI talent
Infrastructure Strength,Limited implementation,Build internal AI talent
Infrastructure Strength,Fully implemented,Adopt cloud-based AI solutions
Process Integration,Not started,Conduct AI training workshops
Infrastructure Strength,Fully implemented,Invest in data collection infrastructure
Team Skills,Not started,Invest in data collection infrastructure
Team Skills,Limited implementation,Conduct AI training workshops
Data Readiness,Limited implementation,Invest in data collection infrastructure
Process Integration,Fully implemented,Adopt cloud-based AI solutions
AI Adoption,Fully implemented,Conduct AI training workshops
AI Adoption,Limited implementation,Invest in data collection infrastructure
AI Adoption,Limited implementation,Enhance collaboration with external AI partners
Process Integration,In progress,Invest in data collection infrastructure
Infrastructure Strength,Limited implementation,Conduct AI training workshops
Infrastructure Strength,On hold,Build internal AI talent
Process Integration,Not started,Enhance collaboration with external AI partners
Infrastructure Strength,Not started,Invest in data collection infrastructure
Data Readiness,Fully implemented,Enhance collaboration with external AI partners
Data Readiness,Not started,Conduct AI training workshops
Data Readiness,In progress,Enhance collaboration with external AI partners
AI Adoption,Fully implemented,Adopt cloud-based AI solutions
