Conflict Overview,AI Analysis,Resolution Strategies
Team members have different views on resource allocation,AI tools for prioritizing stakeholder interests,AI-powered decision-making frameworks for prioritization
Team members have different views on resource allocation,AI-driven analysis of previous conflict resolution strategies,Utilizing AI to model different conflict resolution scenarios
Unclear project scope leading to conflicting expectations,AI-driven analysis of previous conflict resolution strategies,AI-generated negotiation techniques based on data trends
Team members have different views on resource allocation,AI-driven analysis of previous conflict resolution strategies,Utilizing AI to model different conflict resolution scenarios
Team members have different views on resource allocation,AI-driven analysis of previous conflict resolution strategies,Utilizing AI to model different conflict resolution scenarios
Stakeholders disagree on project priorities,AI-driven analysis of previous conflict resolution strategies,AI-generated negotiation techniques based on data trends
Unclear project scope leading to conflicting expectations,AI tools for prioritizing stakeholder interests,AI-generated negotiation techniques based on data trends
Team members have different views on resource allocation,AI tools for prioritizing stakeholder interests,AI-powered decision-making frameworks for prioritization
Stakeholders disagree on project priorities,AI-driven analysis of previous conflict resolution strategies,AI-powered decision-making frameworks for prioritization
Stakeholders disagree on project priorities,AI-driven analysis of previous conflict resolution strategies,AI-powered decision-making frameworks for prioritization
Team members have different views on resource allocation,AI-powered sentiment analysis to understand underlying concerns,AI-generated negotiation techniques based on data trends
Unclear project scope leading to conflicting expectations,AI-driven analysis of previous conflict resolution strategies,AI-powered decision-making frameworks for prioritization
Unclear project scope leading to conflicting expectations,AI-driven analysis of previous conflict resolution strategies,AI-powered decision-making frameworks for prioritization
Team members have different views on resource allocation,AI-driven analysis of previous conflict resolution strategies,Utilizing AI to model different conflict resolution scenarios
Stakeholders disagree on project priorities,AI tools for prioritizing stakeholder interests,Utilizing AI to model different conflict resolution scenarios
Stakeholders disagree on project priorities,AI-powered sentiment analysis to understand underlying concerns,Utilizing AI to model different conflict resolution scenarios
Stakeholders disagree on project priorities,AI-driven analysis of previous conflict resolution strategies,AI-powered decision-making frameworks for prioritization
Stakeholders disagree on project priorities,AI tools for prioritizing stakeholder interests,AI-powered decision-making frameworks for prioritization
Stakeholders disagree on project priorities,AI tools for prioritizing stakeholder interests,Utilizing AI to model different conflict resolution scenarios
Team members have different views on resource allocation,AI tools for prioritizing stakeholder interests,AI-powered decision-making frameworks for prioritization
Unclear project scope leading to conflicting expectations,AI-powered sentiment analysis to understand underlying concerns,Utilizing AI to model different conflict resolution scenarios
Unclear project scope leading to conflicting expectations,AI-driven analysis of previous conflict resolution strategies,Utilizing AI to model different conflict resolution scenarios
Team members have different views on resource allocation,AI-powered sentiment analysis to understand underlying concerns,Utilizing AI to model different conflict resolution scenarios
Unclear project scope leading to conflicting expectations,AI-driven analysis of previous conflict resolution strategies,AI-powered decision-making frameworks for prioritization
Unclear project scope leading to conflicting expectations,AI-powered sentiment analysis to understand underlying concerns,AI-powered decision-making frameworks for prioritization
Unclear project scope leading to conflicting expectations,AI-driven analysis of previous conflict resolution strategies,AI-powered decision-making frameworks for prioritization
Stakeholders disagree on project priorities,AI-powered sentiment analysis to understand underlying concerns,AI-generated negotiation techniques based on data trends
Stakeholders disagree on project priorities,AI tools for prioritizing stakeholder interests,Utilizing AI to model different conflict resolution scenarios
Unclear project scope leading to conflicting expectations,AI tools for prioritizing stakeholder interests,AI-generated negotiation techniques based on data trends
Unclear project scope leading to conflicting expectations,AI-powered sentiment analysis to understand underlying concerns,AI-powered decision-making frameworks for prioritization
Unclear project scope leading to conflicting expectations,AI tools for prioritizing stakeholder interests,Utilizing AI to model different conflict resolution scenarios
Unclear project scope leading to conflicting expectations,AI tools for prioritizing stakeholder interests,AI-powered decision-making frameworks for prioritization
Team members have different views on resource allocation,AI-powered sentiment analysis to understand underlying concerns,Utilizing AI to model different conflict resolution scenarios
Unclear project scope leading to conflicting expectations,AI-powered sentiment analysis to understand underlying concerns,Utilizing AI to model different conflict resolution scenarios
Team members have different views on resource allocation,AI tools for prioritizing stakeholder interests,AI-generated negotiation techniques based on data trends
Stakeholders disagree on project priorities,AI-powered sentiment analysis to understand underlying concerns,Utilizing AI to model different conflict resolution scenarios
Unclear project scope leading to conflicting expectations,AI tools for prioritizing stakeholder interests,Utilizing AI to model different conflict resolution scenarios
Stakeholders disagree on project priorities,AI-driven analysis of previous conflict resolution strategies,AI-powered decision-making frameworks for prioritization
Unclear project scope leading to conflicting expectations,AI-driven analysis of previous conflict resolution strategies,AI-generated negotiation techniques based on data trends
Team members have different views on resource allocation,AI-driven analysis of previous conflict resolution strategies,AI-generated negotiation techniques based on data trends
Team members have different views on resource allocation,AI-powered sentiment analysis to understand underlying concerns,AI-generated negotiation techniques based on data trends
Unclear project scope leading to conflicting expectations,AI-powered sentiment analysis to understand underlying concerns,Utilizing AI to model different conflict resolution scenarios
Unclear project scope leading to conflicting expectations,AI tools for prioritizing stakeholder interests,Utilizing AI to model different conflict resolution scenarios
Unclear project scope leading to conflicting expectations,AI-driven analysis of previous conflict resolution strategies,AI-generated negotiation techniques based on data trends
Team members have different views on resource allocation,AI-driven analysis of previous conflict resolution strategies,Utilizing AI to model different conflict resolution scenarios
Unclear project scope leading to conflicting expectations,AI-driven analysis of previous conflict resolution strategies,AI-powered decision-making frameworks for prioritization
Unclear project scope leading to conflicting expectations,AI tools for prioritizing stakeholder interests,Utilizing AI to model different conflict resolution scenarios
Stakeholders disagree on project priorities,AI tools for prioritizing stakeholder interests,AI-generated negotiation techniques based on data trends
Team members have different views on resource allocation,AI tools for prioritizing stakeholder interests,AI-generated negotiation techniques based on data trends
Team members have different views on resource allocation,AI-driven analysis of previous conflict resolution strategies,AI-powered decision-making frameworks for prioritization
