Competency,Description,AI Enhancement
Communication Skills,Ability to communicate complex ideas effectively,AI-driven simulations for problem-solving scenarios
Problem Solving,Technical expertise in tools and systems used by the business,AI-powered technical support and automated systems
Analytical Thinking,Technical expertise in tools and systems used by the business,AI-powered data analysis tools for enhanced decision-making
Technical Knowledge,Ability to communicate complex ideas effectively,Natural language processing tools for better communication
Analytical Thinking,Ability to approach and solve complex problems,AI-powered data analysis tools for enhanced decision-making
Communication Skills,Technical expertise in tools and systems used by the business,AI-driven simulations for problem-solving scenarios
Problem Solving,Ability to approach and solve complex problems,Natural language processing tools for better communication
Problem Solving,Capacity to analyze data and draw meaningful insights,AI-driven simulations for problem-solving scenarios
Technical Knowledge,Capacity to analyze data and draw meaningful insights,AI tools for analyzing stakeholder feedback
Analytical Thinking,Technical expertise in tools and systems used by the business,AI-powered technical support and automated systems
Technical Knowledge,Managing relationships and expectations with stakeholders,AI-powered data analysis tools for enhanced decision-making
Analytical Thinking,Capacity to analyze data and draw meaningful insights,AI tools for analyzing stakeholder feedback
Technical Knowledge,Ability to communicate complex ideas effectively,Natural language processing tools for better communication
Problem Solving,Capacity to analyze data and draw meaningful insights,AI-driven simulations for problem-solving scenarios
Analytical Thinking,Managing relationships and expectations with stakeholders,AI-powered technical support and automated systems
Stakeholder Management,Capacity to analyze data and draw meaningful insights,Natural language processing tools for better communication
Problem Solving,Technical expertise in tools and systems used by the business,AI tools for analyzing stakeholder feedback
Problem Solving,Technical expertise in tools and systems used by the business,AI tools for analyzing stakeholder feedback
Problem Solving,Capacity to analyze data and draw meaningful insights,AI tools for analyzing stakeholder feedback
Communication Skills,Ability to approach and solve complex problems,Natural language processing tools for better communication
Problem Solving,Ability to communicate complex ideas effectively,Natural language processing tools for better communication
Analytical Thinking,Managing relationships and expectations with stakeholders,Natural language processing tools for better communication
Problem Solving,Managing relationships and expectations with stakeholders,Natural language processing tools for better communication
Analytical Thinking,Capacity to analyze data and draw meaningful insights,AI tools for analyzing stakeholder feedback
Problem Solving,Capacity to analyze data and draw meaningful insights,AI-powered technical support and automated systems
Communication Skills,Technical expertise in tools and systems used by the business,Natural language processing tools for better communication
Communication Skills,Capacity to analyze data and draw meaningful insights,AI-powered technical support and automated systems
Problem Solving,Technical expertise in tools and systems used by the business,AI tools for analyzing stakeholder feedback
Stakeholder Management,Managing relationships and expectations with stakeholders,AI-powered data analysis tools for enhanced decision-making
Technical Knowledge,Capacity to analyze data and draw meaningful insights,AI-powered technical support and automated systems
Problem Solving,Managing relationships and expectations with stakeholders,AI tools for analyzing stakeholder feedback
Analytical Thinking,Ability to communicate complex ideas effectively,AI-powered technical support and automated systems
Problem Solving,Technical expertise in tools and systems used by the business,AI tools for analyzing stakeholder feedback
Problem Solving,Ability to communicate complex ideas effectively,AI-powered data analysis tools for enhanced decision-making
Technical Knowledge,Ability to communicate complex ideas effectively,Natural language processing tools for better communication
Analytical Thinking,Managing relationships and expectations with stakeholders,AI-powered data analysis tools for enhanced decision-making
Technical Knowledge,Ability to approach and solve complex problems,AI-driven simulations for problem-solving scenarios
Technical Knowledge,Technical expertise in tools and systems used by the business,AI-driven simulations for problem-solving scenarios
Analytical Thinking,Ability to communicate complex ideas effectively,AI-powered data analysis tools for enhanced decision-making
Analytical Thinking,Technical expertise in tools and systems used by the business,Natural language processing tools for better communication
Communication Skills,Ability to communicate complex ideas effectively,AI-driven simulations for problem-solving scenarios
Communication Skills,Ability to communicate complex ideas effectively,AI-powered technical support and automated systems
Communication Skills,Ability to approach and solve complex problems,AI-driven simulations for problem-solving scenarios
Problem Solving,Capacity to analyze data and draw meaningful insights,Natural language processing tools for better communication
Technical Knowledge,Capacity to analyze data and draw meaningful insights,Natural language processing tools for better communication
Stakeholder Management,Ability to communicate complex ideas effectively,AI tools for analyzing stakeholder feedback
Technical Knowledge,Capacity to analyze data and draw meaningful insights,AI-driven simulations for problem-solving scenarios
Problem Solving,Capacity to analyze data and draw meaningful insights,Natural language processing tools for better communication
Problem Solving,Capacity to analyze data and draw meaningful insights,Natural language processing tools for better communication
Communication Skills,Ability to communicate complex ideas effectively,AI-powered technical support and automated systems
