Metrics,Current Performance,Recommendations
Task Completion Rate,Average,Improve communication between team members
Resource Allocation Efficiency,Average,Use task automation tools
Team Collaboration Index,Good,Use task automation tools
Delay Rate,Good,Use task automation tools
Average Time Per Task,Good,Use task automation tools
Team Collaboration Index,Poor,Optimize resource allocation
Task Completion Rate,Good,Provide additional training for team members
Resource Allocation Efficiency,Good,Use task automation tools
Delay Rate,Poor,Optimize resource allocation
Team Collaboration Index,Good,Increase task delegation
Delay Rate,Good,Use task automation tools
Average Time Per Task,Average,Increase task delegation
Task Completion Rate,Average,Provide additional training for team members
Resource Allocation Efficiency,Good,Increase task delegation
Task Completion Rate,Average,Improve communication between team members
Average Time Per Task,Poor,Provide additional training for team members
Delay Rate,Good,Optimize resource allocation
Average Time Per Task,Average,Optimize resource allocation
Delay Rate,Average,Optimize resource allocation
Team Collaboration Index,Poor,Optimize resource allocation
Task Completion Rate,Good,Optimize resource allocation
Resource Allocation Efficiency,Average,Optimize resource allocation
Task Completion Rate,Poor,Use task automation tools
Team Collaboration Index,Poor,Optimize resource allocation
Task Completion Rate,Poor,Use task automation tools
Average Time Per Task,Good,Provide additional training for team members
Team Collaboration Index,Average,Provide additional training for team members
Resource Allocation Efficiency,Good,Use task automation tools
Team Collaboration Index,Average,Use task automation tools
Task Completion Rate,Average,Improve communication between team members
Delay Rate,Good,Use task automation tools
Average Time Per Task,Good,Provide additional training for team members
Average Time Per Task,Poor,Increase task delegation
Team Collaboration Index,Good,Provide additional training for team members
Delay Rate,Good,Provide additional training for team members
Resource Allocation Efficiency,Average,Use task automation tools
Average Time Per Task,Average,Use task automation tools
Resource Allocation Efficiency,Poor,Increase task delegation
Team Collaboration Index,Average,Optimize resource allocation
Task Completion Rate,Good,Increase task delegation
Task Completion Rate,Average,Provide additional training for team members
Team Collaboration Index,Good,Use task automation tools
Resource Allocation Efficiency,Good,Optimize resource allocation
Team Collaboration Index,Poor,Use task automation tools
Delay Rate,Poor,Optimize resource allocation
Delay Rate,Average,Provide additional training for team members
Average Time Per Task,Average,Provide additional training for team members
Resource Allocation Efficiency,Average,Increase task delegation
Team Collaboration Index,Average,Improve communication between team members
Team Collaboration Index,Poor,Optimize resource allocation
