Opportunity,Description,Alignment with Current Capabilities
Strategic Partnerships,Launching Eco-Friendly Products,High
Product Diversification,Improving Operational Efficiency,High
Product Diversification,Improving Operational Efficiency,High
Strategic Partnerships,Launching Eco-Friendly Products,High
Strategic Partnerships,Collaborating with Leading Brands,Low
Product Diversification,Launching Eco-Friendly Products,Medium
New Market Entry,Launching Eco-Friendly Products,High
Cost Optimization,Expansion into Asia,High
Cost Optimization,Improving Operational Efficiency,Low
Strategic Partnerships,Collaborating with Leading Brands,Low
Product Diversification,Collaborating with Leading Brands,High
Cost Optimization,Collaborating with Leading Brands,Medium
New Market Entry,Launching Eco-Friendly Products,Medium
Product Diversification,Improving Operational Efficiency,Medium
Cost Optimization,Expansion into Asia,High
New Market Entry,Improving Operational Efficiency,Low
Strategic Partnerships,Launching Eco-Friendly Products,High
Cost Optimization,Improving Operational Efficiency,Low
New Market Entry,Launching Eco-Friendly Products,Low
New Market Entry,Expansion into Asia,Low
Strategic Partnerships,Launching Eco-Friendly Products,Low
Cost Optimization,Improving Operational Efficiency,Low
Strategic Partnerships,Collaborating with Leading Brands,Medium
Cost Optimization,Launching Eco-Friendly Products,Medium
Cost Optimization,Improving Operational Efficiency,High
New Market Entry,Launching Eco-Friendly Products,High
Cost Optimization,Expansion into Asia,Low
Product Diversification,Expansion into Asia,Medium
Cost Optimization,Expansion into Asia,High
Cost Optimization,Expansion into Asia,Medium
Product Diversification,Launching Eco-Friendly Products,Medium
Strategic Partnerships,Launching Eco-Friendly Products,High
Strategic Partnerships,Improving Operational Efficiency,High
Strategic Partnerships,Collaborating with Leading Brands,Medium
Cost Optimization,Collaborating with Leading Brands,High
Strategic Partnerships,Improving Operational Efficiency,Low
Strategic Partnerships,Launching Eco-Friendly Products,Low
Product Diversification,Improving Operational Efficiency,High
Product Diversification,Launching Eco-Friendly Products,Medium
Cost Optimization,Collaborating with Leading Brands,Medium
Cost Optimization,Launching Eco-Friendly Products,Medium
New Market Entry,Launching Eco-Friendly Products,High
New Market Entry,Launching Eco-Friendly Products,Low
New Market Entry,Expansion into Asia,High
Cost Optimization,Expansion into Asia,High
New Market Entry,Expansion into Asia,Medium
Cost Optimization,Collaborating with Leading Brands,Medium
Product Diversification,Collaborating with Leading Brands,High
Cost Optimization,Collaborating with Leading Brands,Low
Product Diversification,Expansion into Asia,Low
