Original Requirement,Stakeholder,Consolidated Requirement
Requirement 1,Quality Assurance,Automated testing framework
Requirement 2,Business,Role-based user access
Requirement 3,Quality Assurance,Multilingual UI support
Requirement 4,Development,Role-based user access
Requirement 5,Quality Assurance,Role-based user access
Requirement 6,Quality Assurance,Multilingual UI support
Requirement 7,Business,Data analytics dashboard
Requirement 8,Quality Assurance,Multilingual UI support
Requirement 9,Quality Assurance,Automated testing framework
Requirement 10,Development,Data analytics dashboard
Requirement 11,Operations,Automated testing framework
Requirement 12,Business,Role-based user access
Requirement 13,Development,Automated testing framework
Requirement 14,Operations,Role-based user access
Requirement 15,Development,Automated testing framework
Requirement 16,Operations,Automated testing framework
Requirement 17,Development,Data analytics dashboard
Requirement 18,Quality Assurance,User authentication functionality
Requirement 19,Business,Data analytics dashboard
Requirement 20,Quality Assurance,User authentication functionality
Requirement 21,Business,Role-based user access
Requirement 22,Business,Automated testing framework
Requirement 23,Operations,Data analytics dashboard
Requirement 24,Operations,Role-based user access
Requirement 25,Quality Assurance,Multilingual UI support
Requirement 26,Business,User authentication functionality
Requirement 27,Development,Automated testing framework
Requirement 28,Operations,Data analytics dashboard
Requirement 29,Operations,User authentication functionality
Requirement 30,Development,User authentication functionality
Requirement 31,Operations,Multilingual UI support
Requirement 32,Operations,User authentication functionality
Requirement 33,Quality Assurance,Data analytics dashboard
Requirement 34,Operations,Multilingual UI support
Requirement 35,Operations,User authentication functionality
Requirement 36,Quality Assurance,Data analytics dashboard
Requirement 37,Business,Multilingual UI support
Requirement 38,Operations,Role-based user access
Requirement 39,Business,Data analytics dashboard
Requirement 40,Operations,User authentication functionality
Requirement 41,Development,Data analytics dashboard
Requirement 42,Quality Assurance,User authentication functionality
Requirement 43,Operations,Multilingual UI support
Requirement 44,Operations,Multilingual UI support
Requirement 45,Development,Role-based user access
Requirement 46,Operations,User authentication functionality
Requirement 47,Quality Assurance,User authentication functionality
Requirement 48,Operations,Automated testing framework
Requirement 49,Quality Assurance,Role-based user access
Requirement 50,Operations,Automated testing framework
