AI-Enabled Business Model,Description,Required Capabilities,Potential Risks
AI-enhanced product recommendation systems,Enhancing e-commerce experiences through AI-driven personalized recommendations,Advanced computer vision and sensor technology,Regulatory challenges
AI-based customer service automation,Using AI to predict consumer behavior and optimize marketing strategies,Deep learning and recommendation algorithms,Dependency on third-party AI platforms
AI-driven subscription services,Automating customer service with AI chatbots and voice assistants,Robust data analytics capabilities,Data privacy concerns
AI-powered autonomous vehicles,Using AI to predict consumer behavior and optimize marketing strategies,Advanced computer vision and sensor technology,Data privacy concerns
AI for predictive analytics in marketing,Leveraging AI to offer subscription-based services that adapt to customer preferences,Robust data analytics capabilities,High implementation costs
AI-based customer service automation,Using AI to predict consumer behavior and optimize marketing strategies,Robust data analytics capabilities,Integration challenges with legacy systems
AI for predictive analytics in marketing,Enhancing e-commerce experiences through AI-driven personalized recommendations,Deep learning and recommendation algorithms,Dependency on third-party AI platforms
AI-enhanced product recommendation systems,Leveraging AI to offer subscription-based services that adapt to customer preferences,Robust data analytics capabilities,Dependency on third-party AI platforms
AI for predictive analytics in marketing,Using AI to predict consumer behavior and optimize marketing strategies,Advanced computer vision and sensor technology,High implementation costs
AI for predictive analytics in marketing,Automating customer service with AI chatbots and voice assistants,Natural language processing for chatbots,High implementation costs
AI-enhanced product recommendation systems,Enhancing e-commerce experiences through AI-driven personalized recommendations,Robust data analytics capabilities,Data privacy concerns
AI-based customer service automation,Using AI to predict consumer behavior and optimize marketing strategies,AI algorithms and machine learning models,Integration challenges with legacy systems
AI-based customer service automation,Automating customer service with AI chatbots and voice assistants,Robust data analytics capabilities,High implementation costs
AI-based customer service automation,Developing self-driving vehicles using AI technology,Deep learning and recommendation algorithms,Regulatory challenges
AI-driven subscription services,Automating customer service with AI chatbots and voice assistants,Natural language processing for chatbots,Dependency on third-party AI platforms
AI-driven subscription services,Using AI to predict consumer behavior and optimize marketing strategies,Natural language processing for chatbots,High implementation costs
AI-enhanced product recommendation systems,Using AI to predict consumer behavior and optimize marketing strategies,Advanced computer vision and sensor technology,Data privacy concerns
AI-driven subscription services,Automating customer service with AI chatbots and voice assistants,Advanced computer vision and sensor technology,Regulatory challenges
AI-enhanced product recommendation systems,Automating customer service with AI chatbots and voice assistants,AI algorithms and machine learning models,Integration challenges with legacy systems
AI-driven subscription services,Developing self-driving vehicles using AI technology,Robust data analytics capabilities,High implementation costs
AI-enhanced product recommendation systems,Leveraging AI to offer subscription-based services that adapt to customer preferences,Advanced computer vision and sensor technology,High implementation costs
AI-based customer service automation,Leveraging AI to offer subscription-based services that adapt to customer preferences,Deep learning and recommendation algorithms,Dependency on third-party AI platforms
AI-driven subscription services,Automating customer service with AI chatbots and voice assistants,Advanced computer vision and sensor technology,Dependency on third-party AI platforms
AI-enhanced product recommendation systems,Developing self-driving vehicles using AI technology,Natural language processing for chatbots,Integration challenges with legacy systems
AI-powered autonomous vehicles,Leveraging AI to offer subscription-based services that adapt to customer preferences,Robust data analytics capabilities,Integration challenges with legacy systems
AI for predictive analytics in marketing,Automating customer service with AI chatbots and voice assistants,AI algorithms and machine learning models,Data privacy concerns
AI for predictive analytics in marketing,Developing self-driving vehicles using AI technology,Natural language processing for chatbots,Dependency on third-party AI platforms
AI-driven subscription services,Using AI to predict consumer behavior and optimize marketing strategies,Natural language processing for chatbots,High implementation costs
AI-enhanced product recommendation systems,Automating customer service with AI chatbots and voice assistants,Robust data analytics capabilities,High implementation costs
AI-based customer service automation,Leveraging AI to offer subscription-based services that adapt to customer preferences,Deep learning and recommendation algorithms,Regulatory challenges
AI-powered autonomous vehicles,Enhancing e-commerce experiences through AI-driven personalized recommendations,Robust data analytics capabilities,High implementation costs
AI-driven subscription services,Using AI to predict consumer behavior and optimize marketing strategies,Natural language processing for chatbots,High implementation costs
AI-enhanced product recommendation systems,Using AI to predict consumer behavior and optimize marketing strategies,Deep learning and recommendation algorithms,High implementation costs
AI-based customer service automation,Developing self-driving vehicles using AI technology,Advanced computer vision and sensor technology,High implementation costs
AI-based customer service automation,Enhancing e-commerce experiences through AI-driven personalized recommendations,AI algorithms and machine learning models,Regulatory challenges
AI-based customer service automation,Developing self-driving vehicles using AI technology,Deep learning and recommendation algorithms,Regulatory challenges
AI for predictive analytics in marketing,Developing self-driving vehicles using AI technology,Natural language processing for chatbots,Data privacy concerns
AI-enhanced product recommendation systems,Automating customer service with AI chatbots and voice assistants,AI algorithms and machine learning models,Regulatory challenges
AI-powered autonomous vehicles,Using AI to predict consumer behavior and optimize marketing strategies,AI algorithms and machine learning models,Data privacy concerns
AI-powered autonomous vehicles,Leveraging AI to offer subscription-based services that adapt to customer preferences,Deep learning and recommendation algorithms,High implementation costs
AI for predictive analytics in marketing,Developing self-driving vehicles using AI technology,Deep learning and recommendation algorithms,Integration challenges with legacy systems
AI-based customer service automation,Developing self-driving vehicles using AI technology,Robust data analytics capabilities,Integration challenges with legacy systems
AI-based customer service automation,Developing self-driving vehicles using AI technology,AI algorithms and machine learning models,Regulatory challenges
AI-based customer service automation,Automating customer service with AI chatbots and voice assistants,AI algorithms and machine learning models,Data privacy concerns
AI-based customer service automation,Enhancing e-commerce experiences through AI-driven personalized recommendations,Natural language processing for chatbots,High implementation costs
AI-driven subscription services,Enhancing e-commerce experiences through AI-driven personalized recommendations,Advanced computer vision and sensor technology,Integration challenges with legacy systems
AI-driven subscription services,Automating customer service with AI chatbots and voice assistants,AI algorithms and machine learning models,Integration challenges with legacy systems
AI-enhanced product recommendation systems,Developing self-driving vehicles using AI technology,Advanced computer vision and sensor technology,Data privacy concerns
AI for predictive analytics in marketing,Automating customer service with AI chatbots and voice assistants,Advanced computer vision and sensor technology,High implementation costs
AI-based customer service automation,Leveraging AI to offer subscription-based services that adapt to customer preferences,Deep learning and recommendation algorithms,Dependency on third-party AI platforms
