Problem Description,Root Causes,Recommended Solutions
Operational Inefficiency,Poor Marketing,Employee Training Programs
Declining Sales,Inadequate Training,Invest in R&D
Product Defects,Poor Marketing,Invest in R&D
Poor Customer Satisfaction,Poor Marketing,Improve Customer Service
Poor Customer Satisfaction,Inadequate Training,Employee Training Programs
Declining Sales,Operational Bottlenecks,Streamline Operations
Poor Customer Satisfaction,Operational Bottlenecks,Improve Customer Service
Product Defects,Poor Marketing,Streamline Operations
Operational Inefficiency,Operational Bottlenecks,Streamline Operations
Declining Sales,Operational Bottlenecks,Invest in R&D
Product Defects,Poor Marketing,Improve Customer Service
Product Defects,Inadequate Training,Improve Customer Service
Poor Customer Satisfaction,Inadequate Training,Invest in R&D
Product Defects,Inadequate Training,Invest in R&D
Operational Inefficiency,Poor Marketing,Streamline Operations
Operational Inefficiency,Inadequate Training,Employee Training Programs
Operational Inefficiency,Inadequate Training,Invest in R&D
Poor Customer Satisfaction,Poor Marketing,Improve Customer Service
Product Defects,Poor Marketing,Improve Customer Service
Product Defects,Operational Bottlenecks,Streamline Operations
Product Defects,Inadequate Training,Employee Training Programs
Product Defects,Operational Bottlenecks,Invest in R&D
Declining Sales,Lack of Innovation,Employee Training Programs
Declining Sales,Lack of Innovation,Invest in R&D
Operational Inefficiency,Lack of Innovation,Improve Customer Service
Poor Customer Satisfaction,Operational Bottlenecks,Employee Training Programs
Poor Customer Satisfaction,Lack of Innovation,Employee Training Programs
Product Defects,Operational Bottlenecks,Streamline Operations
Poor Customer Satisfaction,Operational Bottlenecks,Improve Customer Service
Declining Sales,Operational Bottlenecks,Invest in R&D
Product Defects,Inadequate Training,Streamline Operations
Operational Inefficiency,Inadequate Training,Employee Training Programs
Product Defects,Operational Bottlenecks,Streamline Operations
Product Defects,Inadequate Training,Employee Training Programs
Poor Customer Satisfaction,Poor Marketing,Streamline Operations
Declining Sales,Inadequate Training,Improve Customer Service
Product Defects,Poor Marketing,Invest in R&D
Product Defects,Lack of Innovation,Employee Training Programs
Operational Inefficiency,Inadequate Training,Streamline Operations
Product Defects,Poor Marketing,Improve Customer Service
Operational Inefficiency,Inadequate Training,Streamline Operations
Product Defects,Operational Bottlenecks,Invest in R&D
Declining Sales,Poor Marketing,Employee Training Programs
Product Defects,Poor Marketing,Invest in R&D
Operational Inefficiency,Poor Marketing,Invest in R&D
Product Defects,Lack of Innovation,Streamline Operations
Poor Customer Satisfaction,Poor Marketing,Invest in R&D
Operational Inefficiency,Inadequate Training,Improve Customer Service
Operational Inefficiency,Operational Bottlenecks,Invest in R&D
Poor Customer Satisfaction,Operational Bottlenecks,Invest in R&D
