Industry,Disruption Scenario,Impact on Business Analysts
Healthcare,AI-enhanced supply chain optimization,Greater focus on stakeholder collaboration
Manufacturing,AI-based fraud detection,Proficiency in AI tools and platforms
Finance,AI-powered customer personalization,Focus on data-driven decision making
Healthcare,AI-enhanced supply chain optimization,Need for AI integration expertise
Transportation,AI for automation of manual tasks,Need for AI integration expertise
Retail,AI for automation of manual tasks,Greater focus on stakeholder collaboration
Manufacturing,AI-based fraud detection,Focus on data-driven decision making
Finance,AI-enhanced supply chain optimization,Proficiency in AI tools and platforms
Retail,AI-driven predictive maintenance,Increased demand for data analysis skills
Retail,AI-enhanced supply chain optimization,Increased demand for data analysis skills
Finance,AI-powered customer personalization,Greater focus on stakeholder collaboration
Healthcare,AI-driven predictive maintenance,Greater focus on stakeholder collaboration
Manufacturing,AI for automation of manual tasks,Increased demand for data analysis skills
Healthcare,AI-driven predictive maintenance,Focus on data-driven decision making
Manufacturing,AI-powered customer personalization,Greater focus on stakeholder collaboration
Retail,AI for automation of manual tasks,Greater focus on stakeholder collaboration
Healthcare,AI for automation of manual tasks,Greater focus on stakeholder collaboration
Healthcare,AI-based fraud detection,Focus on data-driven decision making
Healthcare,AI for automation of manual tasks,Greater focus on stakeholder collaboration
Retail,AI-enhanced supply chain optimization,Increased demand for data analysis skills
Manufacturing,AI-based fraud detection,Increased demand for data analysis skills
Finance,AI for automation of manual tasks,Focus on data-driven decision making
Retail,AI-enhanced supply chain optimization,Proficiency in AI tools and platforms
Retail,AI-based fraud detection,Greater focus on stakeholder collaboration
Transportation,AI-enhanced supply chain optimization,Need for AI integration expertise
Retail,AI for automation of manual tasks,Focus on data-driven decision making
Transportation,AI-powered customer personalization,Greater focus on stakeholder collaboration
Retail,AI-enhanced supply chain optimization,Greater focus on stakeholder collaboration
Transportation,AI-enhanced supply chain optimization,Increased demand for data analysis skills
Retail,AI-enhanced supply chain optimization,Focus on data-driven decision making
Transportation,AI for automation of manual tasks,Focus on data-driven decision making
Healthcare,AI-powered customer personalization,Need for AI integration expertise
Finance,AI-enhanced supply chain optimization,Need for AI integration expertise
Healthcare,AI-powered customer personalization,Need for AI integration expertise
Transportation,AI-enhanced supply chain optimization,Need for AI integration expertise
Healthcare,AI-powered customer personalization,Proficiency in AI tools and platforms
Retail,AI-enhanced supply chain optimization,Proficiency in AI tools and platforms
Finance,AI-driven predictive maintenance,Greater focus on stakeholder collaboration
Finance,AI-based fraud detection,Need for AI integration expertise
Finance,AI-based fraud detection,Focus on data-driven decision making
Transportation,AI for automation of manual tasks,Focus on data-driven decision making
Transportation,AI-enhanced supply chain optimization,Need for AI integration expertise
Finance,AI for automation of manual tasks,Increased demand for data analysis skills
Retail,AI-based fraud detection,Greater focus on stakeholder collaboration
Retail,AI for automation of manual tasks,Focus on data-driven decision making
Finance,AI for automation of manual tasks,Greater focus on stakeholder collaboration
Finance,AI-powered customer personalization,Increased demand for data analysis skills
Transportation,AI-powered customer personalization,Greater focus on stakeholder collaboration
Healthcare,AI-driven predictive maintenance,Focus on data-driven decision making
Manufacturing,AI-driven predictive maintenance,Focus on data-driven decision making
