Regulation Overview,Impact on BA Practices,Adaptation Strategies
AI ethics guidelines,Stricter data usage policies,Establish ethical AI guidelines
GDPR Compliance,Changes in stakeholder communication regarding AI use,Create transparency reports
Bias mitigation regulations,Enhanced ethical responsibility,Create transparency reports
Data privacy laws,Need for data privacy awareness,Ensure data anonymization practices
AI ethics guidelines,Stricter data usage policies,Create transparency reports
AI transparency requirements,Changes in stakeholder communication regarding AI use,Establish ethical AI guidelines
Data privacy laws,Stricter data usage policies,Conduct regular AI audits
AI ethics guidelines,Increased focus on AI transparency,Establish ethical AI guidelines
GDPR Compliance,Stricter data usage policies,Establish ethical AI guidelines
AI ethics guidelines,Enhanced ethical responsibility,Create transparency reports
AI transparency requirements,Enhanced ethical responsibility,Implement data encryption measures
GDPR Compliance,Increased focus on AI transparency,Ensure data anonymization practices
AI transparency requirements,Stricter data usage policies,Implement data encryption measures
Data privacy laws,Need for data privacy awareness,Establish ethical AI guidelines
GDPR Compliance,Enhanced ethical responsibility,Implement data encryption measures
AI ethics guidelines,Increased focus on AI transparency,Conduct regular AI audits
AI transparency requirements,Need for data privacy awareness,Implement data encryption measures
AI ethics guidelines,Stricter data usage policies,Implement data encryption measures
AI ethics guidelines,Need for data privacy awareness,Conduct regular AI audits
Data privacy laws,Increased focus on AI transparency,Create transparency reports
Data privacy laws,Changes in stakeholder communication regarding AI use,Create transparency reports
GDPR Compliance,Need for data privacy awareness,Ensure data anonymization practices
GDPR Compliance,Enhanced ethical responsibility,Implement data encryption measures
AI ethics guidelines,Need for data privacy awareness,Ensure data anonymization practices
Data privacy laws,Stricter data usage policies,Conduct regular AI audits
AI ethics guidelines,Increased focus on AI transparency,Implement data encryption measures
Data privacy laws,Stricter data usage policies,Establish ethical AI guidelines
AI transparency requirements,Enhanced ethical responsibility,Implement data encryption measures
AI transparency requirements,Need for data privacy awareness,Create transparency reports
AI ethics guidelines,Need for data privacy awareness,Implement data encryption measures
Data privacy laws,Enhanced ethical responsibility,Ensure data anonymization practices
GDPR Compliance,Need for data privacy awareness,Conduct regular AI audits
GDPR Compliance,Increased focus on AI transparency,Create transparency reports
Bias mitigation regulations,Increased focus on AI transparency,Establish ethical AI guidelines
Data privacy laws,Increased focus on AI transparency,Establish ethical AI guidelines
Bias mitigation regulations,Need for data privacy awareness,Create transparency reports
AI ethics guidelines,Stricter data usage policies,Ensure data anonymization practices
GDPR Compliance,Need for data privacy awareness,Establish ethical AI guidelines
GDPR Compliance,Need for data privacy awareness,Ensure data anonymization practices
AI transparency requirements,Increased focus on AI transparency,Conduct regular AI audits
Data privacy laws,Increased focus on AI transparency,Conduct regular AI audits
AI transparency requirements,Need for data privacy awareness,Ensure data anonymization practices
GDPR Compliance,Increased focus on AI transparency,Ensure data anonymization practices
AI transparency requirements,Enhanced ethical responsibility,Create transparency reports
AI ethics guidelines,Changes in stakeholder communication regarding AI use,Ensure data anonymization practices
Bias mitigation regulations,Changes in stakeholder communication regarding AI use,Implement data encryption measures
AI transparency requirements,Changes in stakeholder communication regarding AI use,Establish ethical AI guidelines
Data privacy laws,Changes in stakeholder communication regarding AI use,Implement data encryption measures
AI transparency requirements,Increased focus on AI transparency,Establish ethical AI guidelines
Bias mitigation regulations,Need for data privacy awareness,Implement data encryption measures
