Budget Overview,Utilization Analysis,Recommendations
Overspent,Under budget,Adjust the project scope for budget fit
Budget allocation,100% utilized,Forecast future expenses
Underspent,Over budget,Forecast future expenses
Budget allocation,95% utilized,Reallocate funds to priority areas
Budget allocation,100% utilized,Trim unnecessary expenses
Overspent,95% utilized,Reallocate funds to priority areas
Overspent,Under budget,Investigate areas of overspending
Underspent,Under budget,Reallocate funds to priority areas
Budget allocation,Under budget,Forecast future expenses
Underspent,95% utilized,Adjust the project scope for budget fit
Budget allocation,80% utilized,Forecast future expenses
Underspent,Under budget,Forecast future expenses
Budget allocation,100% utilized,Trim unnecessary expenses
Underspent,100% utilized,Adjust the project scope for budget fit
Underspent,Under budget,Adjust the project scope for budget fit
Overspent,Over budget,Adjust the project scope for budget fit
Overspent,80% utilized,Forecast future expenses
Underspent,100% utilized,Investigate areas of overspending
Underspent,95% utilized,Adjust the project scope for budget fit
Overspent,100% utilized,Trim unnecessary expenses
Underspent,Over budget,Adjust the project scope for budget fit
Overspent,100% utilized,Reallocate funds to priority areas
Underspent,Over budget,Reallocate funds to priority areas
Budget allocation,Over budget,Trim unnecessary expenses
Budget allocation,95% utilized,Adjust the project scope for budget fit
Budget allocation,80% utilized,Reallocate funds to priority areas
Underspent,100% utilized,Reallocate funds to priority areas
Overspent,Under budget,Adjust the project scope for budget fit
Overspent,80% utilized,Forecast future expenses
Budget allocation,95% utilized,Reallocate funds to priority areas
Overspent,Under budget,Investigate areas of overspending
Underspent,100% utilized,Adjust the project scope for budget fit
Budget allocation,100% utilized,Investigate areas of overspending
Underspent,80% utilized,Adjust the project scope for budget fit
Budget allocation,Under budget,Investigate areas of overspending
Overspent,Over budget,Adjust the project scope for budget fit
Underspent,95% utilized,Forecast future expenses
Budget allocation,95% utilized,Adjust the project scope for budget fit
Budget allocation,95% utilized,Trim unnecessary expenses
Underspent,80% utilized,Trim unnecessary expenses
Underspent,80% utilized,Adjust the project scope for budget fit
Overspent,95% utilized,Forecast future expenses
Budget allocation,80% utilized,Trim unnecessary expenses
Underspent,95% utilized,Forecast future expenses
Overspent,Under budget,Investigate areas of overspending
Underspent,95% utilized,Reallocate funds to priority areas
Budget allocation,80% utilized,Reallocate funds to priority areas
Underspent,100% utilized,Reallocate funds to priority areas
Budget allocation,Under budget,Investigate areas of overspending
Overspent,95% utilized,Trim unnecessary expenses
