NFR Category,Requirement,Description
Scalability,"Support for 10,000 concurrent users",Ensure high availability for critical services
Performance,Response time under 1 second,Implement strict data protection protocols
Scalability,Response time under 1 second,Optimize the UI for accessibility compliance
Performance,Single sign-on integration,Ensure high availability for critical services
Usability,System uptime of 99.9%,Ensure high availability for critical services
Scalability,System uptime of 99.9%,Ensure high availability for critical services
Performance,System uptime of 99.9%,Provide multi-factor authentication for all users
Scalability,Accessibility compliance,Ensure easy-to-use navigation and responsive design
Usability,System uptime of 99.9%,Provide multi-factor authentication for all users
Usability,Accessibility compliance,Ensure high availability for critical services
Security,Data encryption using AES-256,Ensure high availability for critical services
Security,Data encryption using AES-256,Ensure high availability for critical services
Usability,Multi-language support,Support for high traffic loads during peak hours
Performance,"Support for 10,000 concurrent users",Implement strict data protection protocols
Performance,Response time under 1 second,Provide multi-factor authentication for all users
Security,"Support for 10,000 concurrent users",Optimize the UI for accessibility compliance
Security,Response time under 1 second,Implement strict data protection protocols
Scalability,Accessibility compliance,Provide multi-factor authentication for all users
Performance,Data redundancy,Support for high traffic loads during peak hours
Usability,Single sign-on integration,Ensure high availability for critical services
Security,System uptime of 99.9%,Ensure easy-to-use navigation and responsive design
Performance,Data redundancy,Provide multi-factor authentication for all users
Usability,"Support for 10,000 concurrent users",Provide multi-factor authentication for all users
Security,System uptime of 99.9%,Provide multi-factor authentication for all users
Scalability,Multi-language support,Optimize the UI for accessibility compliance
Usability,Accessibility compliance,Support for high traffic loads during peak hours
Security,"Support for 10,000 concurrent users",Optimize the UI for accessibility compliance
Performance,"Support for 10,000 concurrent users",Ensure high availability for critical services
Scalability,Accessibility compliance,Provide multi-factor authentication for all users
Usability,Response time under 1 second,Provide multi-factor authentication for all users
Performance,Response time under 1 second,Support for high traffic loads during peak hours
Scalability,System uptime of 99.9%,Support for high traffic loads during peak hours
Scalability,System uptime of 99.9%,Optimize the UI for accessibility compliance
Usability,Multi-language support,Implement strict data protection protocols
Security,"Support for 10,000 concurrent users",Optimize the UI for accessibility compliance
Performance,Data encryption using AES-256,Implement strict data protection protocols
Performance,Accessibility compliance,Optimize the UI for accessibility compliance
Performance,Multi-language support,Provide multi-factor authentication for all users
Performance,Backup and recovery plans,Optimize the UI for accessibility compliance
Performance,"Support for 10,000 concurrent users",Provide multi-factor authentication for all users
Performance,Response time under 1 second,Provide multi-factor authentication for all users
Security,Backup and recovery plans,Ensure high availability for critical services
Scalability,Multi-language support,Optimize the UI for accessibility compliance
Usability,Multi-language support,Implement strict data protection protocols
Security,Response time under 1 second,Provide multi-factor authentication for all users
Security,Response time under 1 second,Support for high traffic loads during peak hours
Usability,Response time under 1 second,Provide multi-factor authentication for all users
Security,"Support for 10,000 concurrent users",Optimize the UI for accessibility compliance
Security,Response time under 1 second,Ensure high availability for critical services
Performance,Accessibility compliance,Ensure high availability for critical services
