Competency,Gap Identified,Suggested Resource
Strategic Thinking,Lack of strategic decision-making ability,Hands-on project opportunities
Communication Skills,Lack of strategic decision-making ability,AI-based data management platforms
Strategic Thinking,Lack of strategic decision-making ability,Hands-on project opportunities
Business Process Analysis,Lack of strategic decision-making ability,AI-driven decision-making frameworks
Communication Skills,Limited exposure to real-world scenarios,Hands-on project opportunities
Data Management,Limited project experience,Hands-on project opportunities
Communication Skills,Difficulty in handling data complexities,Project management certification programs
Strategic Thinking,Limited exposure to real-world scenarios,Project management certification programs
Data Management,Lack of strategic decision-making ability,Hands-on project opportunities
Communication Skills,Lack of strategic decision-making ability,Online courses and webinars
Business Process Analysis,Limited exposure to real-world scenarios,Hands-on project opportunities
Data Management,Limited project experience,AI-driven decision-making frameworks
Strategic Thinking,Limited exposure to real-world scenarios,AI-based data management platforms
Data Management,Difficulty in handling data complexities,AI-driven decision-making frameworks
Strategic Thinking,Lack of formal training,AI-driven decision-making frameworks
Communication Skills,Limited exposure to real-world scenarios,Hands-on project opportunities
Business Process Analysis,Lack of strategic decision-making ability,Project management certification programs
Communication Skills,Lack of strategic decision-making ability,AI-driven decision-making frameworks
Project Management,Limited exposure to real-world scenarios,AI-driven decision-making frameworks
Project Management,Limited exposure to real-world scenarios,AI-driven decision-making frameworks
Data Management,Lack of formal training,Online courses and webinars
Business Process Analysis,Limited exposure to real-world scenarios,Project management certification programs
Data Management,Lack of formal training,AI-based data management platforms
Data Management,Limited project experience,Online courses and webinars
Strategic Thinking,Limited project experience,Hands-on project opportunities
Business Process Analysis,Difficulty in handling data complexities,Project management certification programs
Strategic Thinking,Limited project experience,AI-driven decision-making frameworks
Communication Skills,Limited exposure to real-world scenarios,Online courses and webinars
Strategic Thinking,Limited project experience,AI-driven decision-making frameworks
Project Management,Difficulty in handling data complexities,AI-driven decision-making frameworks
Communication Skills,Difficulty in handling data complexities,Project management certification programs
Data Management,Difficulty in handling data complexities,AI-based data management platforms
Strategic Thinking,Lack of strategic decision-making ability,Project management certification programs
Data Management,Limited project experience,Hands-on project opportunities
Business Process Analysis,Difficulty in handling data complexities,Hands-on project opportunities
Project Management,Lack of formal training,Online courses and webinars
Project Management,Difficulty in handling data complexities,Online courses and webinars
Strategic Thinking,Limited exposure to real-world scenarios,AI-based data management platforms
Strategic Thinking,Limited project experience,AI-based data management platforms
Data Management,Limited exposure to real-world scenarios,AI-based data management platforms
Data Management,Limited exposure to real-world scenarios,Online courses and webinars
Data Management,Lack of strategic decision-making ability,AI-based data management platforms
Communication Skills,Limited exposure to real-world scenarios,AI-driven decision-making frameworks
Data Management,Lack of strategic decision-making ability,Hands-on project opportunities
Communication Skills,Limited exposure to real-world scenarios,AI-based data management platforms
Data Management,Limited project experience,Hands-on project opportunities
Data Management,Limited project experience,Project management certification programs
Business Process Analysis,Difficulty in handling data complexities,Hands-on project opportunities
Project Management,Lack of strategic decision-making ability,AI-driven decision-making frameworks
Communication Skills,Lack of strategic decision-making ability,Project management certification programs
