Excerpt,Sentiment,Suggested Action
Multiple stakeholders requested performance improvements.,Negative,Acknowledge feedback
User feedback indicated satisfaction with UI.,Highly Positive,Clarify requirements
Scalability was identified as a key factor.,Highly Negative,Review Documentation
Multiple stakeholders requested performance improvements.,Highly Positive,Review Documentation
Concerns about data privacy were raised.,Highly Positive,Improve Communication
Scalability was identified as a key factor.,Negative,Review Documentation
Multiple stakeholders requested performance improvements.,Positive,Review Documentation
Concerns about data privacy were raised.,Positive,Address concerns
User authentication needs clarification.,Highly Negative,Improve Communication
Concerns about data privacy were raised.,Highly Negative,Acknowledge feedback
Concerns about data privacy were raised.,Positive,Acknowledge feedback
Scalability was identified as a key factor.,Negative,Address concerns
Concerns about data privacy were raised.,Highly Negative,Improve Communication
The system should ensure data encryption.,Mixed,Address concerns
The system should ensure data encryption.,Highly Negative,Acknowledge feedback
Multiple stakeholders requested performance improvements.,Mixed,Improve Communication
Concerns about data privacy were raised.,Highly Negative,Review Documentation
User feedback indicated satisfaction with UI.,Positive,Review Documentation
User feedback indicated satisfaction with UI.,Highly Positive,Acknowledge feedback
Scalability was identified as a key factor.,Positive,Acknowledge feedback
Multiple stakeholders requested performance improvements.,Mixed,Improve Communication
Scalability was identified as a key factor.,Mixed,Clarify requirements
Scalability was identified as a key factor.,Negative,Address concerns
Concerns about data privacy were raised.,Highly Negative,Clarify requirements
User authentication needs clarification.,Neutral,Review Documentation
Multiple stakeholders requested performance improvements.,Negative,Review Documentation
Multiple stakeholders requested performance improvements.,Highly Negative,Review Documentation
User authentication needs clarification.,Positive,Improve Communication
User feedback indicated satisfaction with UI.,Highly Negative,Improve Communication
Multiple stakeholders requested performance improvements.,Mixed,Review Documentation
Concerns about data privacy were raised.,Negative,Clarify requirements
User feedback indicated satisfaction with UI.,Mixed,Review Documentation
User authentication needs clarification.,Highly Negative,Improve Communication
Concerns about data privacy were raised.,Neutral,Address concerns
Concerns about data privacy were raised.,Highly Positive,Address concerns
Scalability was identified as a key factor.,Highly Negative,Clarify requirements
The system should ensure data encryption.,Mixed,Acknowledge feedback
The system should ensure data encryption.,Neutral,Review Documentation
Scalability was identified as a key factor.,Neutral,Clarify requirements
Scalability was identified as a key factor.,Positive,Clarify requirements
User feedback indicated satisfaction with UI.,Positive,Improve Communication
User feedback indicated satisfaction with UI.,Highly Negative,Clarify requirements
Scalability was identified as a key factor.,Mixed,Acknowledge feedback
The system should ensure data encryption.,Negative,Improve Communication
User feedback indicated satisfaction with UI.,Highly Positive,Address concerns
User authentication needs clarification.,Positive,Improve Communication
Multiple stakeholders requested performance improvements.,Highly Negative,Improve Communication
The system should ensure data encryption.,Positive,Improve Communication
User authentication needs clarification.,Mixed,Review Documentation
User authentication needs clarification.,Highly Negative,Improve Communication
