Activity,Milestone,AI Contribution
Execution,Go-Live,Automated reporting
Monitoring,Completion,Predictive analysis
Execution,Mid-Project Review,Resource Optimization
Review,Feedback,Anomaly Detection
Monitoring,Feedback,Automated reporting
Training,Stakeholder Approval,Real-time progress tracking
Execution,Completion,Automated reporting
Execution,Go-Live,Automated reporting
Review,Mid-Project Review,Anomaly Detection
Monitoring,Completion,Real-time progress tracking
Planning,Completion,Automated reporting
Training,Pilot Testing,Anomaly Detection
Risk Assessment,Stakeholder Approval,Automated reporting
Monitoring,Initiation,Anomaly Detection
Training,Completion,Real-time progress tracking
Risk Assessment,Pilot Testing,Automated reporting
Planning,Mid-Project Review,Anomaly Detection
Risk Assessment,Completion,Predictive analysis
Review,Initiation,Automated reporting
Reporting,Mid-Project Review,Anomaly Detection
Risk Assessment,Go-Live,Predictive analysis
Documentation,Initiation,Real-time progress tracking
Risk Assessment,Go-Live,Automated reporting
Documentation,Go-Live,Resource Optimization
Review,Mid-Project Review,Anomaly Detection
Review,Feedback,Resource Optimization
Documentation,Initiation,Automated reporting
Monitoring,Go-Live,Real-time progress tracking
Documentation,Initiation,Resource Optimization
Risk Assessment,Initiation,Anomaly Detection
Monitoring,Feedback,Predictive analysis
Documentation,Completion,Predictive analysis
Risk Assessment,Initiation,Automated reporting
Training,Pilot Testing,Resource Optimization
Risk Assessment,Completion,Real-time progress tracking
Reporting,Stakeholder Approval,Anomaly Detection
Planning,Mid-Project Review,Real-time progress tracking
Documentation,Go-Live,Real-time progress tracking
Execution,Feedback,Predictive analysis
Training,Completion,Predictive analysis
Monitoring,Go-Live,Anomaly Detection
Review,Mid-Project Review,Resource Optimization
Monitoring,Completion,Predictive analysis
Reporting,Mid-Project Review,Real-time progress tracking
Reporting,Completion,Automated reporting
Execution,Stakeholder Approval,Real-time progress tracking
Risk Assessment,Stakeholder Approval,Resource Optimization
Review,Feedback,Automated reporting
Risk Assessment,Stakeholder Approval,Resource Optimization
Reporting,Initiation,Resource Optimization
