Metric,Solution Performance,Industry Benchmark,Recommendation
Error Rate,Medium,Medium,Increase data throughput
Data Throughput,Medium,High,Optimize performance
Data Throughput,Medium,Medium,Increase data throughput
Data Throughput,High,Medium,Increase data throughput
Data Throughput,High,Low,Increase data throughput
Processing Speed,Low,Low,Increase data throughput
Processing Speed,High,Medium,Monitor errors closely
Data Throughput,Low,High,Reduce latency
Processing Speed,Low,Medium,Reduce latency
Error Rate,High,Medium,Reduce latency
Processing Speed,Low,Low,Reduce latency
Error Rate,Medium,High,Optimize performance
Error Rate,High,Low,Optimize performance
Data Throughput,High,Medium,Increase data throughput
Processing Speed,Medium,Low,Increase data throughput
Processing Speed,Low,Low,Increase data throughput
Data Throughput,Medium,Low,Reduce latency
Data Throughput,Medium,Low,Improve speed
Processing Speed,Medium,Low,Optimize performance
Error Rate,Medium,High,Monitor errors closely
Error Rate,Medium,Low,Improve speed
Data Throughput,Medium,High,Improve speed
Processing Speed,High,Low,Monitor errors closely
Data Throughput,Medium,Low,Improve speed
Processing Speed,Medium,High,Monitor errors closely
Processing Speed,Low,Low,Increase data throughput
Data Throughput,High,Medium,Improve speed
Error Rate,Medium,High,Optimize performance
Processing Speed,Medium,High,Optimize performance
Processing Speed,Low,Low,Reduce latency
Data Throughput,Medium,Low,Monitor errors closely
Error Rate,High,Low,Reduce latency
Processing Speed,Medium,High,Reduce latency
Processing Speed,Low,High,Optimize performance
Data Throughput,Low,Low,Monitor errors closely
Error Rate,Low,High,Monitor errors closely
Processing Speed,High,High,Improve speed
Error Rate,High,Medium,Increase data throughput
Processing Speed,Low,Low,Reduce latency
Error Rate,Medium,High,Improve speed
Processing Speed,High,High,Improve speed
Data Throughput,Low,High,Optimize performance
Processing Speed,Low,High,Increase data throughput
Data Throughput,Low,Medium,Increase data throughput
Processing Speed,Medium,Low,Increase data throughput
Processing Speed,High,High,Optimize performance
Error Rate,High,Low,Improve speed
Error Rate,Low,Low,Optimize performance
Data Throughput,High,Medium,Monitor errors closely
Data Throughput,Low,Medium,Reduce latency
