Strategic Option,Priority,Justification
Develop New Products,High,Low Cost
Optimize Operations,Medium,High Market Potential
Optimize Operations,Medium,Low Cost
Optimize Operations,High,Low Cost
Develop New Products,Low,High Market Potential
Optimize Operations,Medium,High ROI
Expand into New Markets,High,Low Cost
Optimize Operations,Low,Low Cost
Develop New Products,High,High Market Potential
Expand into New Markets,Low,High Market Potential
Optimize Operations,High,High ROI
Develop New Products,High,Low Cost
Expand into New Markets,High,Low Feasibility
Develop New Products,High,Low Cost
Develop New Products,Medium,Low Feasibility
Partnership with Tech Firms,High,Low Feasibility
Partnership with Tech Firms,Low,Low Cost
Partnership with Tech Firms,Low,Low Cost
Develop New Products,Low,Low Cost
Partnership with Tech Firms,High,High Market Potential
Develop New Products,Low,Low Feasibility
Expand into New Markets,Low,Low Feasibility
Expand into New Markets,High,High ROI
Develop New Products,Low,High Market Potential
Develop New Products,Medium,Low Cost
Partnership with Tech Firms,Low,High Market Potential
Optimize Operations,Low,Low Cost
Partnership with Tech Firms,Medium,High Market Potential
Develop New Products,Low,Low Cost
Partnership with Tech Firms,Medium,Low Cost
Expand into New Markets,Low,High ROI
Optimize Operations,Low,High ROI
Develop New Products,High,High ROI
Optimize Operations,High,High ROI
Develop New Products,Medium,High Market Potential
Partnership with Tech Firms,Medium,High Market Potential
Partnership with Tech Firms,Low,Low Cost
Optimize Operations,High,Low Feasibility
Optimize Operations,Low,Low Cost
Partnership with Tech Firms,High,High ROI
Partnership with Tech Firms,Low,Low Feasibility
Partnership with Tech Firms,High,High ROI
Optimize Operations,Low,High ROI
Develop New Products,Medium,High ROI
Develop New Products,Medium,Low Cost
Develop New Products,High,High ROI
Optimize Operations,High,High ROI
Partnership with Tech Firms,High,Low Feasibility
Partnership with Tech Firms,High,High ROI
Partnership with Tech Firms,Medium,Low Feasibility
