Requirement Category,Description,AI Application
Functional,Functional requirements related to business processes,AI-powered tools for mapping interdependencies between requirements
Non-functional,Functional requirements related to business processes,AI-based clustering of requirements for better categorization
Non-functional,Technical requirements involving system architecture,AI-powered tools for mapping interdependencies between requirements
Technical,Functional requirements related to business processes,Natural language processing to extract requirements from documents
Functional,Non-functional requirements such as performance and security,Natural language processing to extract requirements from documents
Non-functional,Non-functional requirements such as performance and security,AI-powered tools for mapping interdependencies between requirements
Technical,Technical requirements involving system architecture,Natural language processing to extract requirements from documents
Functional,Technical requirements involving system architecture,AI-powered tools for mapping interdependencies between requirements
Functional,Non-functional requirements such as performance and security,Natural language processing to extract requirements from documents
Non-functional,Technical requirements involving system architecture,Natural language processing to extract requirements from documents
Non-functional,Functional requirements related to business processes,AI-based clustering of requirements for better categorization
Functional,Technical requirements involving system architecture,AI-based clustering of requirements for better categorization
Technical,Non-functional requirements such as performance and security,Natural language processing to extract requirements from documents
Functional,Technical requirements involving system architecture,AI-based clustering of requirements for better categorization
Technical,Functional requirements related to business processes,AI-based clustering of requirements for better categorization
Technical,Functional requirements related to business processes,AI-powered tools for mapping interdependencies between requirements
Non-functional,Non-functional requirements such as performance and security,AI-based clustering of requirements for better categorization
Technical,Technical requirements involving system architecture,AI-powered tools for mapping interdependencies between requirements
Technical,Technical requirements involving system architecture,AI-based clustering of requirements for better categorization
Functional,Non-functional requirements such as performance and security,AI-powered tools for mapping interdependencies between requirements
Technical,Non-functional requirements such as performance and security,AI-based clustering of requirements for better categorization
Non-functional,Non-functional requirements such as performance and security,AI-powered tools for mapping interdependencies between requirements
Functional,Technical requirements involving system architecture,Natural language processing to extract requirements from documents
Technical,Functional requirements related to business processes,Natural language processing to extract requirements from documents
Functional,Technical requirements involving system architecture,AI-powered tools for mapping interdependencies between requirements
Non-functional,Non-functional requirements such as performance and security,AI-based clustering of requirements for better categorization
Technical,Functional requirements related to business processes,AI-based clustering of requirements for better categorization
Technical,Functional requirements related to business processes,Natural language processing to extract requirements from documents
Technical,Functional requirements related to business processes,Natural language processing to extract requirements from documents
Technical,Functional requirements related to business processes,AI-based clustering of requirements for better categorization
Technical,Non-functional requirements such as performance and security,AI-powered tools for mapping interdependencies between requirements
Functional,Functional requirements related to business processes,AI-based clustering of requirements for better categorization
Functional,Functional requirements related to business processes,AI-powered tools for mapping interdependencies between requirements
Non-functional,Non-functional requirements such as performance and security,Natural language processing to extract requirements from documents
Technical,Functional requirements related to business processes,AI-powered tools for mapping interdependencies between requirements
Functional,Functional requirements related to business processes,AI-based clustering of requirements for better categorization
Functional,Functional requirements related to business processes,AI-based clustering of requirements for better categorization
Technical,Functional requirements related to business processes,Natural language processing to extract requirements from documents
Functional,Technical requirements involving system architecture,AI-based clustering of requirements for better categorization
Non-functional,Functional requirements related to business processes,AI-powered tools for mapping interdependencies between requirements
Non-functional,Functional requirements related to business processes,Natural language processing to extract requirements from documents
Technical,Functional requirements related to business processes,AI-powered tools for mapping interdependencies between requirements
Non-functional,Technical requirements involving system architecture,AI-based clustering of requirements for better categorization
Functional,Technical requirements involving system architecture,AI-based clustering of requirements for better categorization
Non-functional,Functional requirements related to business processes,AI-powered tools for mapping interdependencies between requirements
Technical,Non-functional requirements such as performance and security,AI-powered tools for mapping interdependencies between requirements
Technical,Technical requirements involving system architecture,Natural language processing to extract requirements from documents
Technical,Functional requirements related to business processes,AI-powered tools for mapping interdependencies between requirements
Technical,Non-functional requirements such as performance and security,AI-powered tools for mapping interdependencies between requirements
Technical,Technical requirements involving system architecture,Natural language processing to extract requirements from documents
