Decision Process,AI Enhancement,Expected Benefit
Supply chain management,AI-driven risk assessment,Improved decision accuracy
Supply chain management,AI-based market trend analysis,Faster decision-making
Supply chain management,Machine learning for route optimization,Higher product innovation
Product development,AI-based market trend analysis,Improved decision accuracy
Sales forecasting,Machine learning for route optimization,Improved decision accuracy
Customer service automation,AI-driven risk assessment,Higher product innovation
Product development,AI-based demand prediction,Higher product innovation
Supply chain management,AI-based demand prediction,Reduced operational costs
Product development,AI-powered customer sentiment analysis,Better customer satisfaction
Product development,AI-based market trend analysis,Improved decision accuracy
Sales forecasting,AI-based market trend analysis,Reduced operational costs
Product development,AI-powered customer sentiment analysis,Improved decision accuracy
Supply chain management,AI-based demand prediction,Improved decision accuracy
Sales forecasting,AI-driven risk assessment,Reduced operational costs
Sales forecasting,AI-driven risk assessment,Faster decision-making
Sales forecasting,AI-based market trend analysis,Improved decision accuracy
Sales forecasting,AI-based demand prediction,Improved decision accuracy
Risk management,Machine learning for route optimization,Improved decision accuracy
Customer service automation,AI-based market trend analysis,Reduced operational costs
Risk management,AI-driven risk assessment,Faster decision-making
Customer service automation,AI-based market trend analysis,Reduced operational costs
Sales forecasting,AI-based market trend analysis,Reduced operational costs
Product development,AI-powered customer sentiment analysis,Faster decision-making
Supply chain management,AI-driven risk assessment,Reduced operational costs
Product development,AI-based market trend analysis,Improved decision accuracy
Supply chain management,AI-based market trend analysis,Reduced operational costs
Sales forecasting,Machine learning for route optimization,Reduced operational costs
Product development,Machine learning for route optimization,Higher product innovation
Product development,AI-powered customer sentiment analysis,Higher product innovation
Customer service automation,AI-powered customer sentiment analysis,Better customer satisfaction
Customer service automation,AI-powered customer sentiment analysis,Improved decision accuracy
Sales forecasting,AI-powered customer sentiment analysis,Improved decision accuracy
Customer service automation,AI-driven risk assessment,Better customer satisfaction
Customer service automation,AI-powered customer sentiment analysis,Improved decision accuracy
Product development,AI-driven risk assessment,Better customer satisfaction
Customer service automation,AI-driven risk assessment,Higher product innovation
Supply chain management,Machine learning for route optimization,Reduced operational costs
Product development,AI-based demand prediction,Higher product innovation
Risk management,AI-based demand prediction,Reduced operational costs
Sales forecasting,AI-based market trend analysis,Reduced operational costs
Product development,AI-driven risk assessment,Reduced operational costs
Supply chain management,AI-based market trend analysis,Improved decision accuracy
Sales forecasting,Machine learning for route optimization,Faster decision-making
Product development,AI-based demand prediction,Faster decision-making
Customer service automation,Machine learning for route optimization,Faster decision-making
Sales forecasting,AI-powered customer sentiment analysis,Improved decision accuracy
Risk management,Machine learning for route optimization,Faster decision-making
Product development,AI-based market trend analysis,Faster decision-making
Supply chain management,AI-powered customer sentiment analysis,Better customer satisfaction
Supply chain management,Machine learning for route optimization,Reduced operational costs
