Milestone,Description,AI Resource
Initial Assessment,Evaluate current competencies and identify gaps,AI evaluation platforms for skill testing
Final Assessment,Offer advanced AI training for further competency growth,Machine learning models for tracking progress
Final Assessment,Provide AI-based learning resources for skill enhancement,AI evaluation platforms for skill testing
Initial Assessment,Offer advanced AI training for further competency growth,Machine learning models for tracking progress
Advanced Development,Provide AI-based learning resources for skill enhancement,AI evaluation platforms for skill testing
Initial Assessment,Provide AI-based learning resources for skill enhancement,AI-driven competency assessment tools
Skill Evaluation,Provide AI-based learning resources for skill enhancement,AI-powered learning management systems
Skill Evaluation,Offer advanced AI training for further competency growth,AI-driven competency assessment tools
Advanced Development,Offer advanced AI training for further competency growth,AI evaluation platforms for skill testing
Initial Assessment,Offer advanced AI training for further competency growth,AI-driven competency assessment tools
Final Assessment,Evaluate current competencies and identify gaps,AI-driven competency assessment tools
Final Assessment,Provide AI-based learning resources for skill enhancement,AI-driven personalized learning paths
Initial Assessment,Final evaluation to assess competency improvements,AI-powered learning management systems
Advanced Development,Evaluate progress through AI-assisted assessments,AI-driven personalized learning paths
Skill Evaluation,Evaluate current competencies and identify gaps,Machine learning models for tracking progress
Initial Assessment,Final evaluation to assess competency improvements,Machine learning models for tracking progress
Advanced Development,Offer advanced AI training for further competency growth,AI-driven competency assessment tools
Competency Building,Offer advanced AI training for further competency growth,Machine learning models for tracking progress
Skill Evaluation,Evaluate current competencies and identify gaps,AI-driven competency assessment tools
Initial Assessment,Final evaluation to assess competency improvements,Machine learning models for tracking progress
Skill Evaluation,Provide AI-based learning resources for skill enhancement,AI evaluation platforms for skill testing
Competency Building,Provide AI-based learning resources for skill enhancement,Machine learning models for tracking progress
Advanced Development,Provide AI-based learning resources for skill enhancement,AI-driven personalized learning paths
Advanced Development,Final evaluation to assess competency improvements,AI-driven personalized learning paths
Final Assessment,Provide AI-based learning resources for skill enhancement,Machine learning models for tracking progress
Final Assessment,Provide AI-based learning resources for skill enhancement,Machine learning models for tracking progress
Final Assessment,Evaluate current competencies and identify gaps,AI-driven competency assessment tools
Final Assessment,Evaluate progress through AI-assisted assessments,AI evaluation platforms for skill testing
Advanced Development,Final evaluation to assess competency improvements,Machine learning models for tracking progress
Initial Assessment,Final evaluation to assess competency improvements,AI-powered learning management systems
Advanced Development,Evaluate current competencies and identify gaps,AI-driven personalized learning paths
Advanced Development,Final evaluation to assess competency improvements,AI evaluation platforms for skill testing
Advanced Development,Evaluate progress through AI-assisted assessments,Machine learning models for tracking progress
Skill Evaluation,Evaluate progress through AI-assisted assessments,AI-driven personalized learning paths
Competency Building,Evaluate current competencies and identify gaps,AI-driven personalized learning paths
Advanced Development,Evaluate progress through AI-assisted assessments,AI-driven personalized learning paths
Final Assessment,Provide AI-based learning resources for skill enhancement,AI-driven personalized learning paths
Advanced Development,Evaluate progress through AI-assisted assessments,AI-driven competency assessment tools
Final Assessment,Final evaluation to assess competency improvements,AI evaluation platforms for skill testing
Advanced Development,Evaluate current competencies and identify gaps,Machine learning models for tracking progress
Initial Assessment,Offer advanced AI training for further competency growth,AI evaluation platforms for skill testing
Final Assessment,Provide AI-based learning resources for skill enhancement,AI evaluation platforms for skill testing
Final Assessment,Offer advanced AI training for further competency growth,AI-driven personalized learning paths
Advanced Development,Final evaluation to assess competency improvements,AI-powered learning management systems
Competency Building,Final evaluation to assess competency improvements,Machine learning models for tracking progress
Initial Assessment,Evaluate progress through AI-assisted assessments,Machine learning models for tracking progress
Advanced Development,Evaluate progress through AI-assisted assessments,AI-powered learning management systems
Skill Evaluation,Offer advanced AI training for further competency growth,AI-driven competency assessment tools
Advanced Development,Evaluate progress through AI-assisted assessments,AI-driven competency assessment tools
Final Assessment,Provide AI-based learning resources for skill enhancement,AI-driven personalized learning paths
