Requirement,Alignment Status,Improvement Suggestion
Requirement 1,Aligned,Increase collaboration with business teams
Requirement 2,Aligned,Refine requirement details
Requirement 3,Not Aligned,Refine requirement details
Requirement 4,Aligned,Refine requirement details
Requirement 5,Not Aligned,Reevaluate business objectives
Requirement 6,Not Aligned,Increase collaboration with business teams
Requirement 7,Aligned,Refine requirement details
Requirement 8,Not Aligned,Increase collaboration with business teams
Requirement 9,Aligned,Clarify goals with stakeholders
Requirement 10,Aligned,Refine requirement details
Requirement 11,Not Aligned,Increase collaboration with business teams
Requirement 12,Aligned,Reevaluate business objectives
Requirement 13,Not Aligned,Refine requirement details
Requirement 14,Aligned,Reevaluate business objectives
Requirement 15,Not Aligned,Clarify goals with stakeholders
Requirement 16,Not Aligned,Increase collaboration with business teams
Requirement 17,Aligned,Increase collaboration with business teams
Requirement 18,Aligned,Reevaluate business objectives
Requirement 19,Aligned,Refine requirement details
Requirement 20,Not Aligned,Increase collaboration with business teams
Requirement 21,Not Aligned,Increase collaboration with business teams
Requirement 22,Aligned,Refine requirement details
Requirement 23,Aligned,Increase collaboration with business teams
Requirement 24,Aligned,Clarify goals with stakeholders
Requirement 25,Not Aligned,Refine requirement details
Requirement 26,Aligned,Increase collaboration with business teams
Requirement 27,Not Aligned,Refine requirement details
Requirement 28,Not Aligned,Reevaluate business objectives
Requirement 29,Not Aligned,Reevaluate business objectives
Requirement 30,Aligned,Increase collaboration with business teams
Requirement 31,Aligned,Increase collaboration with business teams
Requirement 32,Aligned,Increase collaboration with business teams
Requirement 33,Not Aligned,Refine requirement details
Requirement 34,Aligned,Increase collaboration with business teams
Requirement 35,Not Aligned,Increase collaboration with business teams
Requirement 36,Aligned,Refine requirement details
Requirement 37,Not Aligned,Refine requirement details
Requirement 38,Not Aligned,Refine requirement details
Requirement 39,Not Aligned,Increase collaboration with business teams
Requirement 40,Not Aligned,Refine requirement details
Requirement 41,Not Aligned,Refine requirement details
Requirement 42,Not Aligned,Reevaluate business objectives
Requirement 43,Not Aligned,Reevaluate business objectives
Requirement 44,Not Aligned,Increase collaboration with business teams
Requirement 45,Not Aligned,Reevaluate business objectives
Requirement 46,Aligned,Clarify goals with stakeholders
Requirement 47,Aligned,Refine requirement details
Requirement 48,Aligned,Reevaluate business objectives
Requirement 49,Aligned,Increase collaboration with business teams
Requirement 50,Aligned,Increase collaboration with business teams
