Costs,Tangible Benefits,Intangible Benefits
"$10,000",Improved user efficiency by 30%,Enhanced collaboration
"$50,000",Cost reduction of 10%,Improved brand perception
"$50,000",Improved user efficiency by 30%,Better decision-making
"$50,000",Reduced time to market by 25%,Enhanced collaboration
"$100,000",Reduced time to market by 25%,Increased employee morale
"$50,000",Cost reduction of 10%,Better decision-making
"$20,000",Cost reduction of 10%,Better decision-making
"$100,000",Increased sales by 20%,Improved brand perception
"$50,000",Cost reduction of 10%,Increased employee morale
"$20,000",Reduced time to market by 25%,Improved brand perception
"$50,000",Cost reduction of 10%,Improved brand perception
"$10,000",Increased sales by 20%,Enhanced collaboration
"$100,000",Cost reduction of 10%,Better decision-making
"$10,000",Improved user efficiency by 30%,Enhanced collaboration
"$100,000",Increased sales by 20%,Improved brand perception
"$10,000",Increased sales by 20%,Enhanced collaboration
"$10,000",Increased sales by 20%,Increased employee morale
"$20,000",Reduced time to market by 25%,Better decision-making
"$100,000",Cost reduction of 10%,Better decision-making
"$10,000",Increased sales by 20%,Enhanced collaboration
"$20,000",Increased sales by 20%,Better decision-making
"$50,000",Increased sales by 20%,Enhanced collaboration
"$20,000",Reduced time to market by 25%,Better decision-making
"$100,000",Cost reduction of 10%,Increased employee morale
"$100,000",Reduced time to market by 25%,Enhanced collaboration
"$100,000",Cost reduction of 10%,Enhanced collaboration
"$10,000",Cost reduction of 10%,Increased employee morale
"$100,000",Improved user efficiency by 30%,Increased employee morale
"$10,000",Cost reduction of 10%,Increased employee morale
"$10,000",Increased sales by 20%,Improved brand perception
"$20,000",Reduced time to market by 25%,Increased employee morale
"$20,000",Increased sales by 20%,Improved brand perception
"$50,000",Cost reduction of 10%,Increased employee morale
"$10,000",Increased sales by 20%,Improved brand perception
"$100,000",Increased sales by 20%,Better decision-making
"$20,000",Increased sales by 20%,Increased employee morale
"$50,000",Increased sales by 20%,Increased employee morale
"$100,000",Cost reduction of 10%,Better decision-making
"$50,000",Improved user efficiency by 30%,Increased employee morale
"$50,000",Cost reduction of 10%,Increased employee morale
"$10,000",Increased sales by 20%,Increased employee morale
"$10,000",Improved user efficiency by 30%,Increased employee morale
"$50,000",Increased sales by 20%,Improved brand perception
"$20,000",Increased sales by 20%,Improved brand perception
"$20,000",Reduced time to market by 25%,Enhanced collaboration
"$50,000",Cost reduction of 10%,Better decision-making
"$10,000",Cost reduction of 10%,Improved brand perception
"$20,000",Reduced time to market by 25%,Improved brand perception
"$50,000",Reduced time to market by 25%,Increased employee morale
"$50,000",Increased sales by 20%,Increased employee morale
