Techniques Evaluated,Metrics,Findings
Change Management,Time saved due to AI-based automation,Data analysis techniques led to better decision-making
Requirements Gathering,Time saved due to AI-based automation,Techniques were effective in improving project timelines
Change Management,Time saved due to AI-based automation,Data analysis techniques led to better decision-making
Data Analysis,Time taken to complete tasks,Data analysis techniques led to better decision-making
Requirements Gathering,Cost savings achieved through better resource allocation,Stakeholder satisfaction improved with clear communication
Data Analysis,Cost savings achieved through better resource allocation,Techniques were effective in improving project timelines
Process Modeling,Cost savings achieved through better resource allocation,Techniques were effective in improving project timelines
Requirements Gathering,Cost savings achieved through better resource allocation,Stakeholder satisfaction improved with clear communication
Data Analysis,Time taken to complete tasks,Process modeling resulted in significant cost savings
Change Management,Stakeholder satisfaction scores,Techniques were effective in improving project timelines
Requirements Gathering,Time taken to complete tasks,Process modeling resulted in significant cost savings
Data Analysis,Stakeholder satisfaction scores,Process modeling resulted in significant cost savings
Process Modeling,Cost savings achieved through better resource allocation,Stakeholder satisfaction improved with clear communication
Data Analysis,Reduction in errors after process improvement,Techniques were effective in improving project timelines
Data Analysis,Time saved due to AI-based automation,Stakeholder satisfaction improved with clear communication
Requirements Gathering,Reduction in errors after process improvement,Process modeling resulted in significant cost savings
Requirements Gathering,Time taken to complete tasks,Change management strategies reduced resistance to new processes
Requirements Gathering,Stakeholder satisfaction scores,Process modeling resulted in significant cost savings
Stakeholder Interviews,Cost savings achieved through better resource allocation,Data analysis techniques led to better decision-making
Data Analysis,Time saved due to AI-based automation,Data analysis techniques led to better decision-making
Process Modeling,Time taken to complete tasks,Stakeholder satisfaction improved with clear communication
Process Modeling,Cost savings achieved through better resource allocation,Process modeling resulted in significant cost savings
Data Analysis,Stakeholder satisfaction scores,Process modeling resulted in significant cost savings
Requirements Gathering,Reduction in errors after process improvement,Change management strategies reduced resistance to new processes
Change Management,Cost savings achieved through better resource allocation,Techniques were effective in improving project timelines
Data Analysis,Cost savings achieved through better resource allocation,Stakeholder satisfaction improved with clear communication
Requirements Gathering,Stakeholder satisfaction scores,Process modeling resulted in significant cost savings
Process Modeling,Time saved due to AI-based automation,Process modeling resulted in significant cost savings
Requirements Gathering,Time saved due to AI-based automation,Data analysis techniques led to better decision-making
Change Management,Time saved due to AI-based automation,Process modeling resulted in significant cost savings
Data Analysis,Reduction in errors after process improvement,Techniques were effective in improving project timelines
Data Analysis,Time saved due to AI-based automation,Process modeling resulted in significant cost savings
Requirements Gathering,Stakeholder satisfaction scores,Techniques were effective in improving project timelines
Change Management,Time taken to complete tasks,Stakeholder satisfaction improved with clear communication
Change Management,Stakeholder satisfaction scores,Stakeholder satisfaction improved with clear communication
Requirements Gathering,Stakeholder satisfaction scores,Change management strategies reduced resistance to new processes
Process Modeling,Stakeholder satisfaction scores,Change management strategies reduced resistance to new processes
Change Management,Cost savings achieved through better resource allocation,Change management strategies reduced resistance to new processes
Stakeholder Interviews,Time taken to complete tasks,Techniques were effective in improving project timelines
Stakeholder Interviews,Reduction in errors after process improvement,Techniques were effective in improving project timelines
Requirements Gathering,Time taken to complete tasks,Process modeling resulted in significant cost savings
Data Analysis,Time taken to complete tasks,Change management strategies reduced resistance to new processes
Process Modeling,Stakeholder satisfaction scores,Techniques were effective in improving project timelines
Stakeholder Interviews,Cost savings achieved through better resource allocation,Change management strategies reduced resistance to new processes
Requirements Gathering,Time saved due to AI-based automation,Techniques were effective in improving project timelines
Data Analysis,Time taken to complete tasks,Techniques were effective in improving project timelines
Stakeholder Interviews,Time saved due to AI-based automation,Techniques were effective in improving project timelines
Stakeholder Interviews,Cost savings achieved through better resource allocation,Stakeholder satisfaction improved with clear communication
Requirements Gathering,Time saved due to AI-based automation,Process modeling resulted in significant cost savings
Stakeholder Interviews,Cost savings achieved through better resource allocation,Change management strategies reduced resistance to new processes
