Requirement,Validation Status,Comments/Recommendations
User Authentication,Valid,Clarify Terminology
Data Encryption,Valid,Add Performance Metrics
Data Encryption,Invalid,Clarify Terminology
Data Encryption,Needs Clarification,Clarify Terminology
API Integration,Needs Clarification,Add Performance Metrics
Scalability,Invalid,Refine Scope
API Integration,Valid,Refine Scope
User Authentication,Needs Clarification,Add Performance Metrics
Scalability,Valid,Clarify Terminology
User Authentication,Needs Clarification,Add Performance Metrics
API Integration,Valid,Clarify Terminology
System Reliability,Valid,Add Performance Metrics
System Reliability,Valid,Refine Scope
User Authentication,Needs Clarification,Refine Scope
API Integration,Needs Clarification,Add Performance Metrics
System Reliability,Invalid,Refine Scope
Scalability,Needs Clarification,Refine Scope
Scalability,Valid,Refine Scope
Data Encryption,Needs Clarification,Clarify Terminology
Scalability,Needs Clarification,Add Performance Metrics
Data Encryption,Invalid,Refine Scope
User Authentication,Needs Clarification,Refine Scope
User Authentication,Invalid,Refine Scope
User Authentication,Invalid,Add Performance Metrics
System Reliability,Valid,Refine Scope
User Authentication,Invalid,Clarify Terminology
User Authentication,Valid,Clarify Terminology
User Authentication,Needs Clarification,Refine Scope
API Integration,Invalid,Add Performance Metrics
Data Encryption,Needs Clarification,Add Performance Metrics
System Reliability,Invalid,Add Performance Metrics
Data Encryption,Valid,Clarify Terminology
Scalability,Invalid,Add Performance Metrics
User Authentication,Needs Clarification,Clarify Terminology
Scalability,Invalid,Add Performance Metrics
User Authentication,Valid,Refine Scope
User Authentication,Valid,Add Performance Metrics
System Reliability,Invalid,Refine Scope
User Authentication,Valid,Clarify Terminology
API Integration,Needs Clarification,Refine Scope
System Reliability,Invalid,Clarify Terminology
Data Encryption,Needs Clarification,Clarify Terminology
System Reliability,Needs Clarification,Clarify Terminology
User Authentication,Invalid,Add Performance Metrics
API Integration,Needs Clarification,Refine Scope
Data Encryption,Needs Clarification,Refine Scope
User Authentication,Valid,Refine Scope
System Reliability,Valid,Clarify Terminology
User Authentication,Valid,Add Performance Metrics
User Authentication,Invalid,Refine Scope
