Objective,Perspective,Dependencies,Milestones
Improve Customer Satisfaction,Internal Process,Marketing Strategy,Product Launch
Improve Customer Satisfaction,Financial,Technology Improvements,Product Launch
Improve Customer Satisfaction,Customer,Product Development,Customer Feedback Survey
Increase Revenue,Learning,Marketing Strategy,Product Launch
Enhance Brand Awareness,Internal Process,Marketing Strategy,Quarterly Review
Increase Revenue,Customer,Product Development,Quarterly Review
Enhance Brand Awareness,Customer,Customer Service,Quarterly Review
Boost Productivity,Customer,Technology Improvements,Customer Feedback Survey
Boost Productivity,Financial,Marketing Strategy,Internal Training
Increase Revenue,Customer,Marketing Strategy,Internal Training
Increase Revenue,Financial,Customer Service,Internal Training
Improve Customer Satisfaction,Learning,Marketing Strategy,Product Launch
Increase Revenue,Learning,Product Development,Customer Feedback Survey
Enhance Brand Awareness,Customer,Marketing Strategy,Product Launch
Improve Customer Satisfaction,Financial,Product Development,Internal Training
Enhance Brand Awareness,Customer,Marketing Strategy,Product Launch
Improve Customer Satisfaction,Customer,Technology Improvements,Quarterly Review
Increase Revenue,Financial,Marketing Strategy,Product Launch
Enhance Brand Awareness,Learning,Marketing Strategy,Product Launch
Increase Revenue,Learning,Technology Improvements,Product Launch
Improve Customer Satisfaction,Learning,Product Development,Product Launch
Boost Productivity,Customer,Customer Service,Customer Feedback Survey
Enhance Brand Awareness,Financial,Marketing Strategy,Quarterly Review
Enhance Brand Awareness,Learning,Marketing Strategy,Customer Feedback Survey
Increase Revenue,Learning,Technology Improvements,Customer Feedback Survey
Increase Revenue,Internal Process,Customer Service,Internal Training
Enhance Brand Awareness,Learning,Customer Service,Internal Training
Improve Customer Satisfaction,Financial,Customer Service,Quarterly Review
Enhance Brand Awareness,Learning,Customer Service,Internal Training
Increase Revenue,Financial,Marketing Strategy,Customer Feedback Survey
Enhance Brand Awareness,Financial,Product Development,Product Launch
Improve Customer Satisfaction,Internal Process,Product Development,Customer Feedback Survey
Enhance Brand Awareness,Customer,Product Development,Product Launch
Boost Productivity,Internal Process,Product Development,Internal Training
Increase Revenue,Learning,Technology Improvements,Customer Feedback Survey
Enhance Brand Awareness,Customer,Product Development,Customer Feedback Survey
Increase Revenue,Learning,Marketing Strategy,Product Launch
Increase Revenue,Customer,Marketing Strategy,Internal Training
Enhance Brand Awareness,Internal Process,Customer Service,Customer Feedback Survey
Boost Productivity,Internal Process,Customer Service,Customer Feedback Survey
Improve Customer Satisfaction,Internal Process,Marketing Strategy,Internal Training
Enhance Brand Awareness,Financial,Technology Improvements,Internal Training
Boost Productivity,Internal Process,Technology Improvements,Internal Training
Enhance Brand Awareness,Learning,Technology Improvements,Customer Feedback Survey
Improve Customer Satisfaction,Internal Process,Technology Improvements,Quarterly Review
Increase Revenue,Internal Process,Customer Service,Product Launch
Boost Productivity,Customer,Product Development,Customer Feedback Survey
Boost Productivity,Financial,Technology Improvements,Product Launch
Enhance Brand Awareness,Customer,Marketing Strategy,Internal Training
Boost Productivity,Internal Process,Customer Service,Product Launch
