Current Capability,Proposed Capability,Gap Description
User login via username/password,OAuth 2.0 integration for login,Search functionality is limited
Email notification system,SMS/Email push notifications,Search functionality is limited
User login via username/password,Advanced search with filters,Search functionality is limited
Basic order processing,Advanced search with filters,Order processing is not optimized for scalability
Basic reporting tools,Advanced analytics and reporting,Search functionality is limited
Email notification system,SMS/Email push notifications,Search functionality is limited
Basic reporting tools,OAuth 2.0 integration for login,No mobile notification system
Email notification system,SMS/Email push notifications,Order processing is not optimized for scalability
Email notification system,Advanced search with filters,No mobile notification system
Email notification system,SMS/Email push notifications,Order processing is not optimized for scalability
Basic reporting tools,Advanced search with filters,Order processing is not optimized for scalability
Email notification system,Real-time order processing,Current system lacks multi-factor authentication
Email notification system,Advanced search with filters,No mobile notification system
User login via username/password,Advanced search with filters,Order processing is not optimized for scalability
Basic reporting tools,Advanced search with filters,Search functionality is limited
Basic order processing,SMS/Email push notifications,Order processing is not optimized for scalability
User login via username/password,OAuth 2.0 integration for login,Order processing is not optimized for scalability
Basic reporting tools,SMS/Email push notifications,Current system lacks multi-factor authentication
Basic search functionality,Advanced search with filters,Search functionality is limited
Basic order processing,Advanced analytics and reporting,Current system lacks multi-factor authentication
Basic reporting tools,Real-time order processing,Order processing is not optimized for scalability
Email notification system,SMS/Email push notifications,Current system lacks multi-factor authentication
Email notification system,OAuth 2.0 integration for login,No mobile notification system
Basic search functionality,SMS/Email push notifications,No mobile notification system
Basic search functionality,Real-time order processing,Order processing is not optimized for scalability
Basic order processing,SMS/Email push notifications,Order processing is not optimized for scalability
Basic search functionality,SMS/Email push notifications,No mobile notification system
Basic search functionality,SMS/Email push notifications,Current system lacks multi-factor authentication
Basic order processing,SMS/Email push notifications,No mobile notification system
Basic reporting tools,Advanced analytics and reporting,Search functionality is limited
Basic search functionality,OAuth 2.0 integration for login,Search functionality is limited
Basic reporting tools,Real-time order processing,No mobile notification system
Basic search functionality,Real-time order processing,No mobile notification system
Basic search functionality,Advanced search with filters,No mobile notification system
User login via username/password,OAuth 2.0 integration for login,No mobile notification system
User login via username/password,OAuth 2.0 integration for login,No mobile notification system
Email notification system,SMS/Email push notifications,Order processing is not optimized for scalability
Basic reporting tools,OAuth 2.0 integration for login,No mobile notification system
Email notification system,Advanced analytics and reporting,No mobile notification system
Basic order processing,Advanced search with filters,Order processing is not optimized for scalability
User login via username/password,OAuth 2.0 integration for login,Order processing is not optimized for scalability
User login via username/password,OAuth 2.0 integration for login,No mobile notification system
Email notification system,Advanced analytics and reporting,Current system lacks multi-factor authentication
Basic reporting tools,OAuth 2.0 integration for login,Search functionality is limited
Basic reporting tools,Real-time order processing,Search functionality is limited
Basic reporting tools,Real-time order processing,Current system lacks multi-factor authentication
Basic search functionality,OAuth 2.0 integration for login,Order processing is not optimized for scalability
Basic reporting tools,Advanced search with filters,No mobile notification system
Basic search functionality,OAuth 2.0 integration for login,Search functionality is limited
Basic order processing,OAuth 2.0 integration for login,Current system lacks multi-factor authentication
