Missing Elements,Ambiguities,Suggested Improvements
Data Security Details,Unspecified Metrics,Clarify Definitions
Performance Benchmarks,Vague Scope,Clarify Definitions
Data Security Details,Unspecified Metrics,Add Performance Metrics
Performance Benchmarks,Unclear Terminology,Add Performance Metrics
User Role Definitions,Unspecified Metrics,Clarify Definitions
Performance Benchmarks,Vague Scope,Provide Examples
Data Security Details,Unspecified Metrics,Add Performance Metrics
Integration Points,Unclear Terminology,Add Performance Metrics
Data Security Details,Unclear Terminology,Add Performance Metrics
User Role Definitions,Vague Scope,Add Performance Metrics
Integration Points,Unspecified Metrics,Add Performance Metrics
Integration Points,Unspecified Metrics,Clarify Definitions
Data Security Details,Vague Scope,Add Performance Metrics
Data Security Details,Unclear Terminology,Provide Examples
User Role Definitions,Vague Scope,Add Performance Metrics
Data Security Details,Unspecified Metrics,Provide Examples
User Role Definitions,Unspecified Metrics,Add Performance Metrics
Performance Benchmarks,Unclear Terminology,Provide Examples
Integration Points,Unspecified Metrics,Clarify Definitions
Data Security Details,Vague Scope,Clarify Definitions
Data Security Details,Unclear Terminology,Provide Examples
Integration Points,Unclear Terminology,Provide Examples
User Role Definitions,Vague Scope,Clarify Definitions
Data Security Details,Unclear Terminology,Clarify Definitions
Data Security Details,Vague Scope,Provide Examples
Performance Benchmarks,Unspecified Metrics,Provide Examples
Data Security Details,Unspecified Metrics,Add Performance Metrics
User Role Definitions,Vague Scope,Clarify Definitions
Data Security Details,Unclear Terminology,Clarify Definitions
Integration Points,Unspecified Metrics,Provide Examples
Data Security Details,Unspecified Metrics,Provide Examples
User Role Definitions,Unspecified Metrics,Clarify Definitions
Data Security Details,Vague Scope,Provide Examples
Integration Points,Unclear Terminology,Add Performance Metrics
Performance Benchmarks,Unspecified Metrics,Add Performance Metrics
Integration Points,Unspecified Metrics,Provide Examples
Data Security Details,Vague Scope,Add Performance Metrics
Performance Benchmarks,Unclear Terminology,Provide Examples
Integration Points,Vague Scope,Add Performance Metrics
Data Security Details,Unclear Terminology,Clarify Definitions
Data Security Details,Unclear Terminology,Clarify Definitions
Performance Benchmarks,Unspecified Metrics,Provide Examples
Integration Points,Vague Scope,Add Performance Metrics
Performance Benchmarks,Unspecified Metrics,Add Performance Metrics
Data Security Details,Unspecified Metrics,Clarify Definitions
Performance Benchmarks,Vague Scope,Clarify Definitions
Performance Benchmarks,Unspecified Metrics,Add Performance Metrics
User Role Definitions,Unspecified Metrics,Add Performance Metrics
User Role Definitions,Unspecified Metrics,Add Performance Metrics
Data Security Details,Vague Scope,Provide Examples
