Key Requirements,Open Questions,Next Steps
Backup Mechanisms,Pending Approval,Follow-Up Meeting
User Authentication,Timeline Adjustment,Follow-Up Meeting
Scalability,Timeline Adjustment,Document Update
Backup Mechanisms,Timeline Adjustment,Stakeholder Review
System Reliability,Clarification Needed,Prototype Testing
User Authentication,Timeline Adjustment,Final Approval
System Reliability,Pending Approval,Follow-Up Meeting
Scalability,Pending Approval,Prototype Testing
User Authentication,Additional Details Required,Final Approval
Performance Optimization,Clarification Needed,Stakeholder Review
System Reliability,Timeline Adjustment,Stakeholder Review
Cross-platform Compatibility,Clarification Needed,Follow-Up Meeting
Cross-platform Compatibility,Pending Approval,Final Approval
System Reliability,Resource Allocation Clarification,Stakeholder Review
System Reliability,Timeline Adjustment,Prototype Testing
User Authentication,Timeline Adjustment,Stakeholder Review
Data Encryption,Additional Details Required,Final Approval
Data Encryption,Clarification Needed,Follow-Up Meeting
Scalability,Pending Approval,Stakeholder Review
Scalability,Clarification Needed,Follow-Up Meeting
Data Encryption,Clarification Needed,Final Approval
Cross-platform Compatibility,Clarification Needed,Prototype Testing
Backup Mechanisms,Clarification Needed,Prototype Testing
User Authentication,Timeline Adjustment,Prototype Testing
Data Encryption,Pending Approval,Follow-Up Meeting
API Integration,Clarification Needed,Final Approval
User Authentication,Additional Details Required,Follow-Up Meeting
Performance Optimization,Pending Approval,Final Approval
Backup Mechanisms,Clarification Needed,Stakeholder Review
User Authentication,Clarification Needed,Final Approval
Scalability,Resource Allocation Clarification,Stakeholder Review
Backup Mechanisms,Timeline Adjustment,Follow-Up Meeting
Real-time Analytics,Clarification Needed,Stakeholder Review
API Integration,Pending Approval,Follow-Up Meeting
Cross-platform Compatibility,Pending Approval,Prototype Testing
Data Encryption,Resource Allocation Clarification,Prototype Testing
API Integration,Timeline Adjustment,Prototype Testing
Data Privacy,Resource Allocation Clarification,Final Approval
Data Privacy,Additional Details Required,Final Approval
API Integration,Clarification Needed,Document Update
Data Encryption,Pending Approval,Follow-Up Meeting
Data Privacy,Additional Details Required,Follow-Up Meeting
Real-time Analytics,Clarification Needed,Final Approval
Backup Mechanisms,Resource Allocation Clarification,Final Approval
Scalability,Timeline Adjustment,Follow-Up Meeting
API Integration,Pending Approval,Final Approval
System Reliability,Pending Approval,Final Approval
Data Encryption,Clarification Needed,Document Update
Data Privacy,Resource Allocation Clarification,Stakeholder Review
Backup Mechanisms,Clarification Needed,Stakeholder Review
