Wireframe Element,Element Description,Wireframe Layout
Element 1,Sidebar,"Sidebar on the left, content on the right"
Element 2,Search bar,Full-screen navigation bar
Element 3,Modal window,"Header at the top, content below"
Element 4,Table for data display,Full-screen navigation bar
Element 5,Button for action,Grid layout for products
Element 6,Search bar,Footer fixed at the bottom
Element 7,Footer,"Header at the top, content below"
Element 8,Modal window,"Sidebar on the left, content on the right"
Element 9,Order summary,"Sidebar on the left, content on the right"
Element 10,Table for data display,Full-screen navigation bar
Element 11,Modal window,Full-screen navigation bar
Element 12,Sidebar,Footer fixed at the bottom
Element 13,Table for data display,"Header at the top, content below"
Element 14,Button for action,"Sidebar on the left, content on the right"
Element 15,Sidebar,"Sidebar on the left, content on the right"
Element 16,Search bar,Full-screen navigation bar
Element 17,Modal window,"Header at the top, content below"
Element 18,Modal window,"Header at the top, content below"
Element 19,Modal window,Full-screen navigation bar
Element 20,Product listing,"Header at the top, content below"
Element 21,User profile section,Grid layout for products
Element 22,Table for data display,"Sidebar on the left, content on the right"
Element 23,Sidebar,Full-screen navigation bar
Element 24,Sidebar,Full-screen navigation bar
Element 25,Button for action,"Header at the top, content below"
Element 26,User profile section,Full-screen navigation bar
Element 27,Button for action,"Sidebar on the left, content on the right"
Element 28,Button for action,Footer fixed at the bottom
Element 29,Table for data display,"Header at the top, content below"
Element 30,Product listing,Grid layout for products
Element 31,Sidebar,"Header at the top, content below"
Element 32,Product listing,"Header at the top, content below"
Element 33,Product listing,Footer fixed at the bottom
Element 34,Sidebar,Grid layout for products
Element 35,Footer,Grid layout for products
Element 36,Navigation menu,Full-screen navigation bar
Element 37,Button for action,"Sidebar on the left, content on the right"
Element 38,Navigation menu,"Sidebar on the left, content on the right"
Element 39,Footer,Full-screen navigation bar
Element 40,Button for action,"Header at the top, content below"
Element 41,Search bar,Full-screen navigation bar
Element 42,Modal window,Grid layout for products
Element 43,Modal window,"Header at the top, content below"
Element 44,Sidebar,Full-screen navigation bar
Element 45,Product listing,Footer fixed at the bottom
Element 46,Product listing,Grid layout for products
Element 47,Button for action,"Sidebar on the left, content on the right"
Element 48,Navigation menu,"Header at the top, content below"
Element 49,Search bar,Full-screen navigation bar
Element 50,Order summary,"Header at the top, content below"
