Risk Description,Likelihood,Impact,Mitigation Strategy
Data Loss,Low,Low,Enhanced training
Incompatibility issues,High,Medium,Better testing procedures
Lack of integration,Very High,Low,Better testing procedures
System Downtime,Very High,Low,Enhanced training
Scalability challenges,High,Low,Enhanced training
Incompatibility issues,Low,Critical,Improved infrastructure
Data Loss,Medium,Low,Enhanced training
Incompatibility issues,Low,Medium,Improved infrastructure
Lack of integration,Medium,Low,Improved infrastructure
Lack of integration,Medium,Medium,Enhanced training
System Downtime,Low,High,Upgrade security protocols
Incompatibility issues,High,Low,Better testing procedures
System Downtime,High,High,Better testing procedures
Incompatibility issues,Low,Medium,Enhanced training
Security Breach,Very High,Critical,Improved infrastructure
Scalability challenges,High,Medium,Better testing procedures
Data Loss,Low,Low,More rigorous planning
Scalability challenges,High,Critical,Better testing procedures
Security Breach,High,Low,Upgrade security protocols
Security Breach,Low,Critical,Improved infrastructure
Security Breach,High,Low,Enhanced training
Security Breach,Low,Critical,Enhanced training
Data Loss,Very High,Critical,More rigorous planning
System Downtime,Very High,Critical,Better testing procedures
Scalability challenges,Medium,Medium,Upgrade security protocols
Incompatibility issues,High,Low,Upgrade security protocols
Lack of integration,Very High,Low,Enhanced training
System Downtime,Medium,Critical,Improved infrastructure
Lack of integration,High,Low,Upgrade security protocols
Lack of integration,Very High,High,Upgrade security protocols
Scalability challenges,Very High,Medium,Enhanced training
Data Loss,Very High,Critical,Better testing procedures
Scalability challenges,Low,Low,More rigorous planning
Lack of integration,Very High,Critical,More rigorous planning
Security Breach,High,Low,Improved infrastructure
Scalability challenges,Low,Critical,Enhanced training
System Downtime,Low,High,Upgrade security protocols
Data Loss,Medium,Medium,More rigorous planning
Data Loss,High,High,Enhanced training
Incompatibility issues,High,Low,Enhanced training
Security Breach,Very High,Low,Improved infrastructure
Incompatibility issues,Very High,Critical,Improved infrastructure
Data Loss,Medium,Low,Enhanced training
System Downtime,Very High,Low,Improved infrastructure
Lack of integration,High,Medium,Better testing procedures
Scalability challenges,Low,Low,Enhanced training
Incompatibility issues,Low,High,More rigorous planning
Lack of integration,High,Critical,Upgrade security protocols
Data Loss,Very High,High,Improved infrastructure
Incompatibility issues,Low,Critical,More rigorous planning
