Requirement ID,Priority Level,Justification
FR-1,High,Enhances user experience
FR-2,Low,Critical for business operations
FR-3,High,Requires complex implementation
FR-4,Medium,Direct impact on revenue generation
FR-5,Medium,Requires complex implementation
FR-6,High,Critical for business operations
FR-7,High,Direct impact on revenue generation
FR-8,High,Requires complex implementation
FR-9,High,Critical for business operations
FR-10,High,Critical for business operations
FR-11,High,Direct impact on revenue generation
FR-12,High,Direct impact on revenue generation
FR-13,Medium,Critical for business operations
FR-14,High,Enhances user experience
FR-15,Medium,Requires complex implementation
FR-16,Low,Requires complex implementation
FR-17,High,Critical for business operations
FR-18,Medium,Depends on customer feedback
FR-19,Medium,Critical for business operations
FR-20,Low,Enhances user experience
FR-21,High,Requires complex implementation
FR-22,High,Direct impact on revenue generation
FR-23,Low,Enhances user experience
FR-24,Low,Critical for business operations
FR-25,High,Depends on customer feedback
FR-26,Medium,Depends on customer feedback
FR-27,High,Depends on customer feedback
FR-28,Low,Depends on customer feedback
FR-29,Low,Direct impact on revenue generation
FR-30,Medium,Depends on customer feedback
FR-31,High,Requires complex implementation
FR-32,Low,Depends on customer feedback
FR-33,Low,Critical for business operations
FR-34,High,Critical for business operations
FR-35,Low,Critical for business operations
FR-36,High,Critical for business operations
FR-37,Medium,Enhances user experience
FR-38,Low,Requires complex implementation
FR-39,Low,Requires complex implementation
FR-40,High,Depends on customer feedback
FR-41,High,Depends on customer feedback
FR-42,Medium,Direct impact on revenue generation
FR-43,High,Critical for business operations
FR-44,Medium,Critical for business operations
FR-45,Medium,Depends on customer feedback
FR-46,Low,Depends on customer feedback
FR-47,Low,Critical for business operations
FR-48,Medium,Requires complex implementation
FR-49,Medium,Requires complex implementation
FR-50,High,Direct impact on revenue generation
