Competitor,Key Strengths,Key Weaknesses,Recommendations
Competitor D,Established Brand,Limited Reach,Expand Partnerships
Competitor C,Established Brand,Slow R&D,Reduce Operational Costs
Competitor D,Established Brand,Limited Reach,Enhance Product Features
Competitor A,Established Brand,Slow R&D,Reduce Operational Costs
Competitor B,Loyal Customer Base,Lack of Differentiation,Increase Marketing Efforts
Competitor C,Strong Distribution,Slow R&D,Enhance Product Features
Competitor C,Loyal Customer Base,Lack of Differentiation,Expand Partnerships
Competitor B,Strong Distribution,Lack of Differentiation,Reduce Operational Costs
Competitor C,Established Brand,High Costs,Reduce Operational Costs
Competitor C,Strong Distribution,High Costs,Increase Marketing Efforts
Competitor D,Strong Distribution,Lack of Differentiation,Reduce Operational Costs
Competitor D,Loyal Customer Base,Slow R&D,Reduce Operational Costs
Competitor C,Innovation Focus,Slow R&D,Expand Partnerships
Competitor B,Strong Distribution,Limited Reach,Enhance Product Features
Competitor B,Strong Distribution,Limited Reach,Expand Partnerships
Competitor A,Strong Distribution,Slow R&D,Enhance Product Features
Competitor B,Established Brand,Lack of Differentiation,Increase Marketing Efforts
Competitor D,Established Brand,Limited Reach,Enhance Product Features
Competitor D,Strong Distribution,Slow R&D,Expand Partnerships
Competitor A,Strong Distribution,Slow R&D,Reduce Operational Costs
Competitor D,Loyal Customer Base,High Costs,Increase Marketing Efforts
Competitor B,Innovation Focus,Limited Reach,Enhance Product Features
Competitor C,Established Brand,Lack of Differentiation,Increase Marketing Efforts
Competitor B,Loyal Customer Base,Limited Reach,Expand Partnerships
Competitor D,Innovation Focus,High Costs,Expand Partnerships
Competitor C,Established Brand,Lack of Differentiation,Enhance Product Features
Competitor C,Loyal Customer Base,Limited Reach,Reduce Operational Costs
Competitor C,Strong Distribution,Limited Reach,Enhance Product Features
Competitor D,Established Brand,Lack of Differentiation,Expand Partnerships
Competitor D,Strong Distribution,High Costs,Expand Partnerships
Competitor D,Innovation Focus,Slow R&D,Enhance Product Features
Competitor B,Strong Distribution,Lack of Differentiation,Reduce Operational Costs
Competitor B,Established Brand,High Costs,Expand Partnerships
Competitor C,Innovation Focus,High Costs,Reduce Operational Costs
Competitor A,Strong Distribution,High Costs,Reduce Operational Costs
Competitor C,Strong Distribution,High Costs,Enhance Product Features
Competitor D,Strong Distribution,High Costs,Increase Marketing Efforts
Competitor B,Loyal Customer Base,Limited Reach,Expand Partnerships
Competitor C,Loyal Customer Base,High Costs,Expand Partnerships
Competitor B,Strong Distribution,High Costs,Increase Marketing Efforts
Competitor D,Loyal Customer Base,Limited Reach,Enhance Product Features
Competitor A,Loyal Customer Base,Lack of Differentiation,Increase Marketing Efforts
Competitor C,Innovation Focus,Lack of Differentiation,Enhance Product Features
Competitor A,Strong Distribution,Lack of Differentiation,Enhance Product Features
Competitor B,Established Brand,High Costs,Increase Marketing Efforts
Competitor D,Established Brand,Limited Reach,Expand Partnerships
Competitor D,Strong Distribution,High Costs,Reduce Operational Costs
Competitor C,Innovation Focus,High Costs,Reduce Operational Costs
Competitor D,Innovation Focus,Lack of Differentiation,Enhance Product Features
Competitor D,Loyal Customer Base,High Costs,Enhance Product Features
