Overview,Key Findings,Recommendations
"Pilot test failed, requires rework",Improved user engagement,Enhance user interface
"Pilot test failed, requires rework",System crashes under load,Integrate additional features
"Pilot test failed, requires rework",Lack of clarity on features,Provide additional training
Pilot test passed with minor issues,Positive feedback from users,Enhance user interface
Pilot test passed with minor issues,Performance issues identified,Improve data security
"Pilot test failed, requires rework",Positive feedback from users,Optimize system performance
"Pilot test failed, requires rework",Positive feedback from users,Enhance user interface
"Pilot test failed, requires rework",Performance issues identified,Optimize system performance
"Pilot test failed, requires rework",Performance issues identified,Optimize system performance
"Pilot test failed, requires rework",Lack of clarity on features,Enhance user interface
"Pilot test failed, requires rework",Users found interface confusing,Enhance user interface
Pilot test exceeded expectations,Lack of clarity on features,Improve data security
Pilot test passed with minor issues,Performance issues identified,Provide additional training
Pilot test exceeded expectations,Positive feedback from users,Optimize system performance
Pilot test passed with minor issues,Improved user engagement,Integrate additional features
Pilot test passed with minor issues,System crashes under load,Optimize system performance
"Pilot test failed, requires rework",Users found interface confusing,Improve data security
Pilot test passed with minor issues,Positive feedback from users,Provide additional training
Pilot test exceeded expectations,Users found interface confusing,Improve data security
"Pilot test failed, requires rework",System crashes under load,Enhance user interface
"Pilot test failed, requires rework",Positive feedback from users,Provide additional training
Pilot test exceeded expectations,Lack of clarity on features,Provide additional training
Pilot test exceeded expectations,Positive feedback from users,Integrate additional features
Pilot test passed with minor issues,Lack of clarity on features,Enhance user interface
"Pilot test failed, requires rework",System crashes under load,Improve data security
Pilot test passed with minor issues,Lack of clarity on features,Optimize system performance
"Pilot test failed, requires rework",System crashes under load,Improve data security
Pilot test passed with minor issues,Performance issues identified,Enhance user interface
Pilot test passed with minor issues,System crashes under load,Improve data security
Pilot test passed with minor issues,Lack of clarity on features,Improve data security
"Pilot test failed, requires rework",System crashes under load,Improve data security
Pilot test passed with minor issues,Users found interface confusing,Optimize system performance
Pilot test exceeded expectations,Performance issues identified,Enhance user interface
"Pilot test failed, requires rework",Lack of clarity on features,Provide additional training
"Pilot test failed, requires rework",Users found interface confusing,Provide additional training
Pilot test exceeded expectations,System crashes under load,Enhance user interface
Pilot test exceeded expectations,Performance issues identified,Improve data security
Pilot test exceeded expectations,Users found interface confusing,Provide additional training
Pilot test exceeded expectations,System crashes under load,Optimize system performance
"Pilot test failed, requires rework",Lack of clarity on features,Provide additional training
"Pilot test failed, requires rework",Improved user engagement,Improve data security
"Pilot test failed, requires rework",Positive feedback from users,Enhance user interface
Pilot test exceeded expectations,Performance issues identified,Optimize system performance
Pilot test passed with minor issues,Positive feedback from users,Provide additional training
Pilot test exceeded expectations,System crashes under load,Provide additional training
"Pilot test failed, requires rework",Lack of clarity on features,Provide additional training
Pilot test passed with minor issues,Performance issues identified,Improve data security
"Pilot test failed, requires rework",System crashes under load,Enhance user interface
Pilot test exceeded expectations,Lack of clarity on features,Optimize system performance
"Pilot test failed, requires rework",Lack of clarity on features,Enhance user interface
