Overview,Strengths,Weaknesses,Recommendations
Solution is underperforming,Well-integrated,Limited functionality,Optimize performance
Solution requires additional tuning,User-friendly,Lacks integration,Enhance user experience
Solution requires additional tuning,Fast implementation,Lacks integration,Optimize performance
Solution requires additional tuning,Cost-effective,Limited functionality,Improve scalability
Solution meets business objectives,Scalable,Poor user experience,Enhance user experience
Solution meets business objectives,Scalable,Poor user experience,Enhance user experience
Solution is underperforming,User-friendly,High maintenance cost,Improve scalability
Solution is underperforming,Cost-effective,Lacks integration,Simplify setup
Solution requires additional tuning,Easy to maintain,Lacks integration,Add more features
Solution requires additional tuning,Scalable,Limited functionality,Enhance user experience
Solution is underperforming,Cost-effective,Limited functionality,Enhance user experience
Solution meets business objectives,User-friendly,High maintenance cost,Improve scalability
Solution is underperforming,Well-integrated,Lacks integration,Simplify setup
Solution is underperforming,Cost-effective,High maintenance cost,Improve scalability
Solution is underperforming,Scalable,Slower than expected,Simplify setup
Solution requires additional tuning,Easy to maintain,Limited functionality,Improve scalability
Solution is underperforming,Cost-effective,High maintenance cost,Add more features
Solution meets business objectives,User-friendly,Slower than expected,Simplify setup
Solution requires additional tuning,User-friendly,Slower than expected,Simplify setup
Solution requires additional tuning,Fast implementation,Limited functionality,Simplify setup
Solution requires additional tuning,User-friendly,Lacks integration,Add more features
Solution is underperforming,User-friendly,Poor user experience,Enhance user experience
Solution is underperforming,Scalable,Poor user experience,Add more features
Solution meets business objectives,Easy to maintain,Slower than expected,Improve scalability
Solution is underperforming,Well-integrated,Limited functionality,Optimize performance
Solution requires additional tuning,Well-integrated,Limited functionality,Add more features
Solution requires additional tuning,Scalable,Limited functionality,Add more features
Solution requires additional tuning,Scalable,Lacks integration,Add more features
Solution requires additional tuning,Cost-effective,Lacks integration,Enhance user experience
Solution is underperforming,Fast implementation,Poor user experience,Improve scalability
Solution is underperforming,Fast implementation,Lacks integration,Improve scalability
Solution is underperforming,Scalable,Poor user experience,Optimize performance
Solution is underperforming,Scalable,Lacks integration,Simplify setup
Solution requires additional tuning,Cost-effective,Lacks integration,Enhance user experience
Solution requires additional tuning,Cost-effective,Limited functionality,Simplify setup
Solution requires additional tuning,User-friendly,High maintenance cost,Add more features
Solution requires additional tuning,Easy to maintain,Poor user experience,Improve scalability
Solution meets business objectives,Fast implementation,Poor user experience,Add more features
Solution meets business objectives,Scalable,High maintenance cost,Enhance user experience
Solution meets business objectives,Well-integrated,Poor user experience,Enhance user experience
Solution is underperforming,Scalable,Lacks integration,Optimize performance
Solution is underperforming,Easy to maintain,High maintenance cost,Add more features
Solution meets business objectives,Cost-effective,Limited functionality,Optimize performance
Solution is underperforming,Easy to maintain,Lacks integration,Optimize performance
Solution meets business objectives,User-friendly,Lacks integration,Improve scalability
Solution is underperforming,Cost-effective,Limited functionality,Improve scalability
Solution is underperforming,Easy to maintain,Limited functionality,Improve scalability
Solution requires additional tuning,Well-integrated,Slower than expected,Add more features
Solution requires additional tuning,Fast implementation,Poor user experience,Enhance user experience
Solution meets business objectives,Cost-effective,Limited functionality,Optimize performance
