Step,Description
Process Transformation,Assessing the latest AI tools and technologies for integration
Process Transformation,Training teams on AI tools and methodologies
Skill Development,Revamping business processes to accommodate AI
Skill Development,Revamping business processes to accommodate AI
Process Transformation,Running small-scale AI projects for testing
Technology Evaluation,Training teams on AI tools and methodologies
Skill Development,Formulating a roadmap for AI adoption across departments
Technology Evaluation,Formulating a roadmap for AI adoption across departments
Process Transformation,Formulating a roadmap for AI adoption across departments
Technology Evaluation,Training teams on AI tools and methodologies
Skill Development,Training teams on AI tools and methodologies
Skill Development,Revamping business processes to accommodate AI
AI Integration Strategy,Formulating a roadmap for AI adoption across departments
Technology Evaluation,Assessing the latest AI tools and technologies for integration
Technology Evaluation,Assessing the latest AI tools and technologies for integration
AI Integration Strategy,Formulating a roadmap for AI adoption across departments
Process Transformation,Revamping business processes to accommodate AI
AI Integration Strategy,Revamping business processes to accommodate AI
Process Transformation,Running small-scale AI projects for testing
Skill Development,Formulating a roadmap for AI adoption across departments
AI Pilot Projects,Revamping business processes to accommodate AI
AI Integration Strategy,Assessing the latest AI tools and technologies for integration
Process Transformation,Training teams on AI tools and methodologies
Process Transformation,Training teams on AI tools and methodologies
AI Pilot Projects,Assessing the latest AI tools and technologies for integration
Skill Development,Training teams on AI tools and methodologies
Skill Development,Formulating a roadmap for AI adoption across departments
Technology Evaluation,Assessing the latest AI tools and technologies for integration
Process Transformation,Training teams on AI tools and methodologies
Process Transformation,Revamping business processes to accommodate AI
Technology Evaluation,Training teams on AI tools and methodologies
Skill Development,Formulating a roadmap for AI adoption across departments
Process Transformation,Formulating a roadmap for AI adoption across departments
Skill Development,Training teams on AI tools and methodologies
AI Integration Strategy,Formulating a roadmap for AI adoption across departments
Skill Development,Running small-scale AI projects for testing
AI Pilot Projects,Revamping business processes to accommodate AI
Process Transformation,Training teams on AI tools and methodologies
AI Integration Strategy,Revamping business processes to accommodate AI
AI Pilot Projects,Training teams on AI tools and methodologies
Skill Development,Formulating a roadmap for AI adoption across departments
AI Pilot Projects,Formulating a roadmap for AI adoption across departments
Process Transformation,Running small-scale AI projects for testing
Skill Development,Assessing the latest AI tools and technologies for integration
AI Integration Strategy,Revamping business processes to accommodate AI
Technology Evaluation,Revamping business processes to accommodate AI
Technology Evaluation,Revamping business processes to accommodate AI
AI Integration Strategy,Assessing the latest AI tools and technologies for integration
Process Transformation,Training teams on AI tools and methodologies
AI Integration Strategy,Training teams on AI tools and methodologies
