Metric,Current Performance,Industry Benchmark,Improvement Recommendation
Operational Efficiency,79,68,Increase Marketing Spend
Market Share,85,77,Increase Marketing Spend
Customer Satisfaction,72,65,Enhance Product Features
Operational Efficiency,82,68,Improve Customer Service
Operational Efficiency,87,69,Improve Customer Service
Market Share,75,87,Cut Costs
Revenue Growth,76,79,Cut Costs
Revenue Growth,53,83,Increase Marketing Spend
Customer Satisfaction,81,86,Enhance Product Features
Market Share,69,67,Increase Marketing Spend
Market Share,55,64,Improve Customer Service
Customer Satisfaction,56,77,Increase Marketing Spend
Customer Satisfaction,52,68,Improve Customer Service
Customer Satisfaction,97,62,Cut Costs
Market Share,94,64,Enhance Product Features
Market Share,92,70,Cut Costs
Operational Efficiency,54,67,Cut Costs
Revenue Growth,66,83,Increase Marketing Spend
Market Share,83,60,Improve Customer Service
Market Share,77,76,Improve Customer Service
Operational Efficiency,99,81,Increase Marketing Spend
Market Share,67,81,Cut Costs
Operational Efficiency,80,64,Cut Costs
Revenue Growth,99,86,Improve Customer Service
Operational Efficiency,70,66,Improve Customer Service
Operational Efficiency,85,83,Increase Marketing Spend
Revenue Growth,57,83,Increase Marketing Spend
Customer Satisfaction,98,69,Improve Customer Service
Market Share,88,72,Increase Marketing Spend
Revenue Growth,88,88,Increase Marketing Spend
Market Share,93,72,Increase Marketing Spend
Market Share,83,71,Enhance Product Features
Customer Satisfaction,78,68,Increase Marketing Spend
Market Share,100,71,Enhance Product Features
Revenue Growth,78,62,Enhance Product Features
Revenue Growth,80,66,Improve Customer Service
Revenue Growth,70,71,Improve Customer Service
Customer Satisfaction,98,90,Improve Customer Service
Revenue Growth,71,80,Increase Marketing Spend
Customer Satisfaction,65,77,Cut Costs
Customer Satisfaction,73,62,Increase Marketing Spend
Revenue Growth,93,74,Improve Customer Service
Customer Satisfaction,53,78,Increase Marketing Spend
Customer Satisfaction,84,67,Cut Costs
Customer Satisfaction,98,81,Cut Costs
Customer Satisfaction,67,66,Cut Costs
Operational Efficiency,61,80,Improve Customer Service
Market Share,67,73,Enhance Product Features
Revenue Growth,77,67,Improve Customer Service
Customer Satisfaction,90,65,Increase Marketing Spend
