Milestone,Description,Resources Required,Risk Mitigation
Technology Pilot,Test New Systems,Training Sessions,Backup Plans
Internal Training,Assess Current Progress,Training Sessions,Backup Plans
Quarter 1 Review,Assess Current Progress,Budget Allocation,Resource Redistribution
Technology Pilot,Evaluate Success Metrics,Budget Allocation,Risk Analysis Sessions
Product Launch,Evaluate Success Metrics,Team Members,Risk Analysis Sessions
Product Launch,Test New Systems,Training Sessions,Resource Redistribution
Technology Pilot,Assess Current Progress,Team Members,Backup Plans
Product Launch,Evaluate Success Metrics,Budget Allocation,Backup Plans
Internal Training,Assess Current Progress,Budget Allocation,Risk Analysis Sessions
Quarter 1 Review,Prepare Teams,Equipment,Resource Redistribution
Quarter 1 Review,Test New Systems,Budget Allocation,Resource Redistribution
Internal Training,Evaluate Success Metrics,Equipment,Resource Redistribution
Internal Training,Prepare Teams,Equipment,Risk Analysis Sessions
Product Launch,Prepare Teams,Training Sessions,Risk Analysis Sessions
Technology Pilot,Prepare Teams,Budget Allocation,Regular Monitoring
Product Launch,Assess Current Progress,Training Sessions,Risk Analysis Sessions
Internal Training,Test New Systems,Equipment,Backup Plans
Technology Pilot,Evaluate Success Metrics,Team Members,Regular Monitoring
Product Launch,Evaluate Success Metrics,Training Sessions,Resource Redistribution
Internal Training,Test New Systems,Training Sessions,Regular Monitoring
Quarter 1 Review,Prepare Teams,Training Sessions,Risk Analysis Sessions
Technology Pilot,Prepare Teams,Training Sessions,Regular Monitoring
Internal Training,Test New Systems,Budget Allocation,Resource Redistribution
Quarter 1 Review,Evaluate Success Metrics,Training Sessions,Backup Plans
Technology Pilot,Assess Current Progress,Team Members,Backup Plans
Internal Training,Assess Current Progress,Team Members,Backup Plans
Quarter 1 Review,Prepare Teams,Equipment,Resource Redistribution
Internal Training,Assess Current Progress,Training Sessions,Backup Plans
Internal Training,Prepare Teams,Training Sessions,Resource Redistribution
Product Launch,Evaluate Success Metrics,Team Members,Risk Analysis Sessions
Quarter 1 Review,Evaluate Success Metrics,Equipment,Resource Redistribution
Internal Training,Evaluate Success Metrics,Budget Allocation,Backup Plans
Product Launch,Test New Systems,Budget Allocation,Risk Analysis Sessions
Internal Training,Assess Current Progress,Equipment,Resource Redistribution
Product Launch,Assess Current Progress,Equipment,Regular Monitoring
Technology Pilot,Assess Current Progress,Training Sessions,Risk Analysis Sessions
Quarter 1 Review,Prepare Teams,Team Members,Regular Monitoring
Internal Training,Assess Current Progress,Team Members,Resource Redistribution
Internal Training,Assess Current Progress,Training Sessions,Regular Monitoring
Product Launch,Evaluate Success Metrics,Budget Allocation,Regular Monitoring
Internal Training,Evaluate Success Metrics,Equipment,Backup Plans
Technology Pilot,Test New Systems,Team Members,Regular Monitoring
Quarter 1 Review,Assess Current Progress,Budget Allocation,Risk Analysis Sessions
Product Launch,Evaluate Success Metrics,Budget Allocation,Risk Analysis Sessions
Product Launch,Assess Current Progress,Equipment,Regular Monitoring
Quarter 1 Review,Test New Systems,Budget Allocation,Backup Plans
Quarter 1 Review,Test New Systems,Budget Allocation,Regular Monitoring
Quarter 1 Review,Assess Current Progress,Team Members,Risk Analysis Sessions
Quarter 1 Review,Test New Systems,Training Sessions,Backup Plans
Quarter 1 Review,Assess Current Progress,Team Members,Regular Monitoring
