Requirement,Type,Priority
Non-Functional,Performance,High
Operational,Usability,Low
Business,Accessibility,Critical
Technical,Security,Critical
Technical,Compliance,Optional
Operational,Accessibility,Medium
Operational,Security,Optional
Functional,Scalability,Low
Non-Functional,Compliance,Low
Technical,Scalability,Medium
Technical,Usability,Optional
Business,Scalability,Critical
Operational,Security,High
Operational,Usability,Critical
Technical,Compliance,Medium
Functional,Scalability,Critical
Non-Functional,Usability,Optional
Business,Security,Low
Operational,Compliance,Critical
Technical,Usability,High
Operational,Usability,High
Technical,Accessibility,High
Operational,Security,Medium
Non-Functional,Security,Medium
Business,Performance,Medium
Technical,Usability,Optional
Non-Functional,Performance,High
Non-Functional,Accessibility,Optional
Technical,Accessibility,Low
Business,Compliance,High
Technical,Compliance,Optional
Technical,Scalability,High
Non-Functional,Performance,High
Non-Functional,Accessibility,Medium
Business,Performance,Critical
Operational,Security,Low
Technical,Security,Optional
Operational,Performance,Medium
Non-Functional,Security,Critical
Functional,Performance,Medium
Technical,Scalability,Critical
Technical,Scalability,Medium
Operational,Security,Optional
Business,Scalability,Medium
Functional,Scalability,Medium
Operational,Performance,Low
Functional,Security,Medium
Technical,Security,Medium
Non-Functional,Usability,Optional
Non-Functional,Scalability,Low
