Satisfaction Overview,Positive Feedback,Areas for Improvement
High,User-friendly interface,Expand training resources
Low,Easy integration,Need for better support
Very High,Faster response time,Need for better support
Very High,Improved workflow,Improved UI/UX
Medium,Improved workflow,Need for better support
Low,Better reporting,Improved UI/UX
Medium,Easy integration,Improved UI/UX
Medium,Easy integration,More integrations
Low,Time-saving features,Lack of mobile app
Low,User-friendly interface,Improvement in analytics
Medium,User-friendly interface,Improved UI/UX
Medium,User-friendly interface,Improvement in analytics
Low,Better reporting,Improved UI/UX
Low,Better reporting,Improvement in analytics
Low,Better reporting,More integrations
High,Better reporting,Lack of mobile app
Medium,Time-saving features,More integrations
Very High,Improved workflow,Need for better support
Very High,User-friendly interface,Lack of mobile app
Low,Improved workflow,Improved UI/UX
Very High,User-friendly interface,Improved UI/UX
Very High,Easy integration,Expand training resources
High,User-friendly interface,More integrations
Medium,Faster response time,Expand training resources
High,Easy integration,Improved UI/UX
Medium,Improved workflow,More integrations
High,User-friendly interface,Improved UI/UX
High,Faster response time,Lack of mobile app
Low,Improved workflow,Need for better support
High,Improved workflow,Improvement in analytics
Low,Easy integration,Improved UI/UX
Low,User-friendly interface,Improved UI/UX
High,Easy integration,More integrations
Very High,Better reporting,Improvement in analytics
Very High,Better reporting,Need for better support
High,Easy integration,Need for better support
High,User-friendly interface,Expand training resources
Very High,User-friendly interface,Lack of mobile app
Medium,Easy integration,More integrations
High,Easy integration,Need for better support
Low,Time-saving features,Improved UI/UX
Medium,Faster response time,Need for better support
Very High,Time-saving features,More integrations
Very High,Faster response time,Expand training resources
Medium,Easy integration,Expand training resources
Low,Better reporting,Improved UI/UX
Very High,Better reporting,Improvement in analytics
High,Easy integration,Need for better support
Low,User-friendly interface,More integrations
Low,Easy integration,Improvement in analytics
