Scenario,Expected Outcome,Associated Risks
Pessimistic,Revenue Growth,High Competition
Optimistic,Decline in Market Share,High Competition
Optimistic,Decline in Market Share,High Competition
Realistic,Revenue Growth,Market Volatility
Pessimistic,Stable Market Position,Regulatory Changes
Realistic,Decline in Market Share,High Competition
Optimistic,Stable Market Position,Market Volatility
Pessimistic,Stable Market Position,Technological Failure
Pessimistic,Cost Reduction,Regulatory Changes
Optimistic,Cost Reduction,Market Volatility
Realistic,Decline in Market Share,Market Volatility
Realistic,Stable Market Position,Market Volatility
Optimistic,Decline in Market Share,Technological Failure
Realistic,Cost Reduction,Technological Failure
Optimistic,Decline in Market Share,Technological Failure
Realistic,Decline in Market Share,Regulatory Changes
Realistic,Decline in Market Share,Technological Failure
Optimistic,Decline in Market Share,Regulatory Changes
Realistic,Cost Reduction,Regulatory Changes
Pessimistic,Revenue Growth,High Competition
Pessimistic,Revenue Growth,High Competition
Optimistic,Revenue Growth,Market Volatility
Pessimistic,Cost Reduction,High Competition
Pessimistic,Revenue Growth,Market Volatility
Realistic,Decline in Market Share,Regulatory Changes
Realistic,Cost Reduction,Regulatory Changes
Realistic,Decline in Market Share,Technological Failure
Optimistic,Revenue Growth,Regulatory Changes
Pessimistic,Cost Reduction,Technological Failure
Realistic,Cost Reduction,Market Volatility
Realistic,Stable Market Position,Regulatory Changes
Pessimistic,Decline in Market Share,Technological Failure
Realistic,Stable Market Position,Technological Failure
Realistic,Revenue Growth,Market Volatility
Pessimistic,Decline in Market Share,High Competition
Optimistic,Decline in Market Share,Regulatory Changes
Optimistic,Stable Market Position,High Competition
Pessimistic,Decline in Market Share,Market Volatility
Optimistic,Stable Market Position,Technological Failure
Optimistic,Revenue Growth,Market Volatility
Pessimistic,Revenue Growth,High Competition
Optimistic,Decline in Market Share,Technological Failure
Optimistic,Revenue Growth,Regulatory Changes
Optimistic,Stable Market Position,High Competition
Optimistic,Stable Market Position,High Competition
Pessimistic,Stable Market Position,High Competition
Optimistic,Decline in Market Share,Regulatory Changes
Pessimistic,Stable Market Position,High Competition
Pessimistic,Stable Market Position,Regulatory Changes
Optimistic,Revenue Growth,Technological Failure
