Change Description,Affected Areas,Recommendations
Budget Increase,Quality Assurance,Extend Deadlines
Scope Expansion,Quality Assurance,Extend Deadlines
Budget Increase,Resource Allocation,Allocate More Resources
Scope Expansion,Project Schedule,Allocate More Resources
Scope Expansion,Resource Allocation,Allocate More Resources
Budget Increase,Project Schedule,Extend Deadlines
Timeline Adjustment,Quality Assurance,Allocate More Resources
Timeline Adjustment,Resource Allocation,Allocate More Resources
Budget Increase,Resource Allocation,Extend Deadlines
Budget Increase,Resource Allocation,Allocate More Resources
Scope Expansion,Resource Allocation,Allocate More Resources
Timeline Adjustment,Resource Allocation,Extend Deadlines
Scope Expansion,Quality Assurance,Extend Deadlines
Budget Increase,Project Schedule,Allocate More Resources
Scope Expansion,Resource Allocation,Allocate More Resources
Scope Expansion,Quality Assurance,Adjust Project Scope
Timeline Adjustment,Project Schedule,Adjust Project Scope
Budget Increase,Project Schedule,Extend Deadlines
Scope Expansion,Project Schedule,Allocate More Resources
Scope Expansion,Quality Assurance,Adjust Project Scope
Timeline Adjustment,Resource Allocation,Extend Deadlines
Timeline Adjustment,Quality Assurance,Adjust Project Scope
Budget Increase,Quality Assurance,Adjust Project Scope
Timeline Adjustment,Project Schedule,Adjust Project Scope
Timeline Adjustment,Quality Assurance,Extend Deadlines
Scope Expansion,Project Schedule,Allocate More Resources
Timeline Adjustment,Resource Allocation,Adjust Project Scope
Timeline Adjustment,Quality Assurance,Extend Deadlines
Timeline Adjustment,Quality Assurance,Allocate More Resources
Timeline Adjustment,Resource Allocation,Adjust Project Scope
Timeline Adjustment,Project Schedule,Adjust Project Scope
Timeline Adjustment,Project Schedule,Adjust Project Scope
Timeline Adjustment,Project Schedule,Allocate More Resources
Scope Expansion,Quality Assurance,Extend Deadlines
Budget Increase,Quality Assurance,Adjust Project Scope
Scope Expansion,Project Schedule,Adjust Project Scope
Scope Expansion,Quality Assurance,Adjust Project Scope
Timeline Adjustment,Resource Allocation,Adjust Project Scope
Budget Increase,Resource Allocation,Allocate More Resources
Budget Increase,Resource Allocation,Allocate More Resources
Scope Expansion,Resource Allocation,Extend Deadlines
Budget Increase,Project Schedule,Extend Deadlines
Budget Increase,Quality Assurance,Allocate More Resources
Scope Expansion,Quality Assurance,Extend Deadlines
Budget Increase,Quality Assurance,Allocate More Resources
Timeline Adjustment,Resource Allocation,Allocate More Resources
Budget Increase,Quality Assurance,Adjust Project Scope
Scope Expansion,Quality Assurance,Adjust Project Scope
Timeline Adjustment,Resource Allocation,Adjust Project Scope
Scope Expansion,Project Schedule,Allocate More Resources
